IncidentID,num_vehicles_involved,eCollisionManner,Longitude,Latitude,InjurySeverity,eIntersectionType,eCollisionManner,city_name,IncidentDateTime,cyclist_citations,driver_citations
2602681,2,SIDESWIPE_OPPOSITE_DIRECTION,-112.554309298189,33.4397341943662,3,T_INTERSECTION,SIDESWIPE_OPPOSITE_DIRECTION,BUCKEYE,2012-03-29 17:35:00,DID_NOT_USE_CROSSWALK,UNKNOWN_99
2602923,2,ANGLE_FRONT_TO_SIDE,-112.056295860732,33.5385669932284,3,UNKNOWN_99,ANGLE_FRONT_TO_SIDE,PHOENIX,2012-02-06 15:51:00,OTHER_97,OTHER_97
2603055,2,ANGLE_FRONT_TO_SIDE,-110.994847338425,31.8997311240235,1,T_INTERSECTION,ANGLE_FRONT_TO_SIDE,SAHUARITA,2012-02-29 20:35:00,KNOWINGLY_OPERATED_WITH_FAULTY_MISSING_EQUIPMENT,NO_IMPROPER_ACTION
2603254,2,ANGLE_FRONT_TO_SIDE,-111.788313311875,33.3985612334449,4,T_INTERSECTION,ANGLE_FRONT_TO_SIDE,MESA,2012-03-02 15:01:00,DROVE_RODE_IN_OPPOSING_TRAFFIC_LANE,OTHER_97
2603263,2,ANGLE_FRONT_TO_SIDE,-111.707099924679,33.437365170459,1,FOUR_WAY_INTERSECTION,ANGLE_FRONT_TO_SIDE,MESA,2012-03-04 11:13:00,NO_IMPROPER_ACTION,NOT_APPLICABLE_MINUS_1+NOT_APPLICABLE_MINUS_1+MADE_IMPROPER_TURN
2603266,2,ANGLE_FRONT_TO_SIDE,-110.995148706451,32.2960766744842,1,T_INTERSECTION,ANGLE_FRONT_TO_SIDE,UNSPECIFIED_999,2012-02-22 21:08:00,KNOWINGLY_OPERATED_WITH_FAULTY_MISSING_EQUIPMENT,NO_IMPROPER_ACTION
2603321,2,SIDESWIPE_OPPOSITE_DIRECTION,-111.608897184143,33.3789604405365,1,NOT_AT_INTERSECTION_0,SIDESWIPE_OPPOSITE_DIRECTION,MESA,2012-03-04 12:39:00,OTHER_97,NO_IMPROPER_ACTION
2603390,2,ANGLE_FRONT_TO_SIDE,-112.358244976612,33.4498163030707,4,FOUR_WAY_INTERSECTION,ANGLE_FRONT_TO_SIDE,GOODYEAR,2012-02-27 14:01:00,NO_IMPROPER_ACTION,FAILED_TO_YIELD_RIGHT_OF_WAY_103
2603392,2,REAR_END,-112.409531022057,33.5067722428053,2,NOT_AT_INTERSECTION_0,REAR_END,GOODYEAR,2012-02-24 19:11:00,NO_IMPROPER_ACTION,SPEED_TOO_FAST_FOR_CONDITIONS
2603615,2,SIDESWIPE_SAME_DIRECTION,-112.056272275925,33.5079069506603,4,NOT_AT_INTERSECTION_0,SIDESWIPE_SAME_DIRECTION,PHOENIX,2012-02-16 17:34:00,FAILED_TO_YIELD_RIGHT_OF_WAY_103,NO_IMPROPER_ACTION
2603618,2,LEFT_TURN,-112.065026680826,33.5309722261763,3,FOUR_WAY_INTERSECTION,LEFT_TURN,PHOENIX,2012-02-16 17:52:00,NO_IMPROPER_ACTION,MADE_IMPROPER_TURN
2603649,2,ANGLE_FRONT_TO_SIDE,-111.097859087513,32.347477167452,3,T_INTERSECTION,ANGLE_FRONT_TO_SIDE,MARANA,2012-02-29 13:54:00,NO_IMPROPER_ACTION,NOT_APPLICABLE_MINUS_1+INATTENTION_DISTRACTION
2603679,2,ANGLE_FRONT_TO_SIDE,-112.15150710763,33.4877157140152,2,FOUR_WAY_INTERSECTION,ANGLE_FRONT_TO_SIDE,PHOENIX,2012-01-09 14:30:00,DROVE_RODE_IN_OPPOSING_TRAFFIC_LANE,NO_IMPROPER_ACTION
2603746,2,ANGLE_FRONT_TO_SIDE,-110.267000332661,31.5546044768512,3,FOUR_WAY_INTERSECTION,ANGLE_FRONT_TO_SIDE,SIERRA VISTA,2012-03-24 12:50:00,NO_IMPROPER_ACTION,INATTENTION_DISTRACTION
2603749,2,ANGLE_FRONT_TO_SIDE,-112.099757673612,33.6544186912559,3,FOUR_WAY_INTERSECTION,ANGLE_FRONT_TO_SIDE,PHOENIX,2012-02-15 08:36:00,UNKNOWN_99,UNKNOWN_99
2603889,2,SIDESWIPE_SAME_DIRECTION,-110.968449299186,31.9689406754814,2,NOT_AT_INTERSECTION_0,SIDESWIPE_SAME_DIRECTION,SAHUARITA,2012-04-24 07:17:00,NO_IMPROPER_ACTION,MADE_IMPROPER_TURN
2603906,2,LEFT_TURN,-110.95601004114,32.468731336566,3,FOUR_WAY_INTERSECTION,LEFT_TURN,ORO VALLEY,2012-04-18 18:10:00,NO_IMPROPER_ACTION,INATTENTION_DISTRACTION
2603952,2,SIDESWIPE_SAME_DIRECTION,-111.652817079566,35.1986358353928,3,NOT_AT_INTERSECTION_0,SIDESWIPE_SAME_DIRECTION,FLAGSTAFF,2012-04-12 17:36:00,OTHER_97,MADE_IMPROPER_TURN+NOT_APPLICABLE_MINUS_1
2604247,2,ANGLE_FRONT_TO_SIDE,-112.14304493107,33.4731964398465,3,FOUR_WAY_INTERSECTION,ANGLE_FRONT_TO_SIDE,PHOENIX,2012-02-07 19:51:00,DROVE_RODE_IN_OPPOSING_TRAFFIC_LANE,NO_IMPROPER_ACTION
2604285,2,OTHER_97,-112.12607916275,33.465943818156,2,UNKNOWN_99,OTHER_97,PHOENIX,2012-02-14 14:17:00,DID_NOT_USE_CROSSWALK,NOT_APPLICABLE_MINUS_1+NOT_APPLICABLE_MINUS_1+NO_IMPROPER_ACTION+NOT_APPLICABLE_MINUS_1
2604562,2,ANGLE_FRONT_TO_SIDE,-111.987050084556,33.4712340553605,3,UNKNOWN_99,ANGLE_FRONT_TO_SIDE,PHOENIX,2012-02-10 16:39:00,OTHER_97,INATTENTION_DISTRACTION
2604629,2,ANGLE_FRONT_TO_SIDE,-112.276066965079,33.5131151767714,2,T_INTERSECTION,ANGLE_FRONT_TO_SIDE,PHOENIX,2012-02-09 15:50:00,INATTENTION_DISTRACTION,NO_IMPROPER_ACTION
2604636,2,ANGLE_FRONT_TO_SIDE,-112.040827802175,33.4068101021574,3,UNKNOWN_99,ANGLE_FRONT_TO_SIDE,PHOENIX,2012-02-09 18:24:00,DID_NOT_USE_CROSSWALK,NO_IMPROPER_ACTION
2604696,2,SIDESWIPE_SAME_DIRECTION,-112.1333482559,33.6546408865358,2,UNKNOWN_99,SIDESWIPE_SAME_DIRECTION,PHOENIX,2012-02-02 06:29:00,UNKNOWN_99,UNKNOWN_99
2604722,4,OTHER_97,-112.358117726724,33.4652190316795,2,UNKNOWN_99,OTHER_97,GOODYEAR,2012-03-11 10:05:00,NO_IMPROPER_ACTION+NO_IMPROPER_ACTION+NO_IMPROPER_ACTION,INATTENTION_DISTRACTION+NOT_APPLICABLE_MINUS_1+NOT_APPLICABLE_MINUS_1
2604734,2,ANGLE_FRONT_TO_SIDE,-111.772999310261,33.3500706102575,4,FOUR_WAY_INTERSECTION,ANGLE_FRONT_TO_SIDE,GILBERT,2012-03-06 08:22:00,DROVE_RODE_IN_OPPOSING_TRAFFIC_LANE,INATTENTION_DISTRACTION
2604787,2,ANGLE_FRONT_TO_SIDE,-112.358244976612,33.4498163030707,2,FOUR_WAY_INTERSECTION,ANGLE_FRONT_TO_SIDE,GOODYEAR,2012-03-09 07:32:00,DISREGARDED_TRAFFIC_SIGNAL,NO_IMPROPER_ACTION
2605036,2,ANGLE_FRONT_TO_SIDE,-112.111251335821,33.581978124676,2,UNKNOWN_99,ANGLE_FRONT_TO_SIDE,PHOENIX,2012-01-12 12:21:00,OTHER_97,NO_IMPROPER_ACTION
2605038,2,OTHER_97,-112.004220985066,33.4657152549671,2,FOUR_WAY_INTERSECTION,OTHER_97,PHOENIX,2012-02-07 19:04:00,UNKNOWN_99,NOT_APPLICABLE_MINUS_1+NO_IMPROPER_ACTION+NOT_APPLICABLE_MINUS_1
2605120,2,ANGLE_FRONT_TO_SIDE,-111.996339947826,33.3052036782457,2,UNKNOWN_99,ANGLE_FRONT_TO_SIDE,PHOENIX,2012-02-15 18:16:00,NO_IMPROPER_ACTION,OTHER_97
2605131,2,ANGLE_FRONT_TO_SIDE,-112.220704957409,33.4756422000843,3,UNKNOWN_99,ANGLE_FRONT_TO_SIDE,PHOENIX,2012-02-19 02:23:00,NO_IMPROPER_ACTION,NOT_APPLICABLE_MINUS_1+FAILED_TO_YIELD_RIGHT_OF_WAY_103+NOT_APPLICABLE_MINUS_1
2605153,2,OTHER_97,-112.04769069311,33.4656137925828,2,FOUR_WAY_INTERSECTION,OTHER_97,PHOENIX,2012-02-19 16:44:00,OTHER_97,NO_IMPROPER_ACTION
2605183,2,OTHER_97,-112.030385229043,33.5057277284338,3,T_INTERSECTION,OTHER_97,PHOENIX,2012-02-20 12:22:00,NO_IMPROPER_ACTION,FAILED_TO_YIELD_RIGHT_OF_WAY_103
2605186,2,LEFT_TURN,-111.983874178713,33.3303672055193,3,T_INTERSECTION,LEFT_TURN,PHOENIX,2012-02-20 13:52:00,FAILED_TO_YIELD_RIGHT_OF_WAY_103,NO_IMPROPER_ACTION
2605203,2,OTHER_97,-112.275358273664,33.6060268520372,3,FOUR_WAY_INTERSECTION,OTHER_97,UNSPECIFIED_999,2012-04-04 13:39:00,INATTENTION_DISTRACTION,INATTENTION_DISTRACTION
2605369,2,ANGLE_FRONT_TO_SIDE,-111.580668873165,33.4223281128384,2,FOUR_WAY_INTERSECTION,ANGLE_FRONT_TO_SIDE,MESA,2012-04-07 16:41:00,DISREGARDED_TRAFFIC_SIGNAL,NO_IMPROPER_ACTION
2605390,2,OTHER_97,-112.06539687883,33.5679216040578,5,FOUR_WAY_INTERSECTION,OTHER_97,PHOENIX,2012-03-06 14:48:00,DISREGARDED_TRAFFIC_SIGNAL,NO_IMPROPER_ACTION
2605391,2,ANGLE_FRONT_TO_SIDE,-112.060800276042,33.6403244581883,2,T_INTERSECTION,ANGLE_FRONT_TO_SIDE,PHOENIX,2012-02-20 18:57:00,DROVE_RODE_IN_OPPOSING_TRAFFIC_LANE,NO_IMPROPER_ACTION
2605442,2,ANGLE_FRONT_TO_SIDE,-111.78994168025,33.3353904398714,3,FOUR_WAY_INTERSECTION,ANGLE_FRONT_TO_SIDE,GILBERT,2012-04-18 11:53:00,DROVE_RODE_IN_OPPOSING_TRAFFIC_LANE,MADE_IMPROPER_TURN
2605451,2,ANGLE_FRONT_TO_SIDE,-111.878804059165,33.4148350541252,1,T_INTERSECTION,ANGLE_FRONT_TO_SIDE,MESA,2012-03-02 10:54:00,NO_IMPROPER_ACTION,OTHER_97
2605453,2,ANGLE_FRONT_TO_SIDE,-111.86627934195,33.4076085146003,3,T_INTERSECTION,ANGLE_FRONT_TO_SIDE,MESA,2012-03-02 10:46:00,NO_IMPROPER_ACTION,NO_IMPROPER_ACTION
2605454,2,ANGLE_FRONT_TO_SIDE,-111.788225264066,33.4171986324763,3,UNKNOWN_99,ANGLE_FRONT_TO_SIDE,MESA,2012-03-02 09:07:00,DROVE_RODE_IN_OPPOSING_TRAFFIC_LANE,NO_IMPROPER_ACTION
2605531,2,ANGLE_FRONT_TO_SIDE,-112.32938952349,33.6160710338573,1,T_INTERSECTION,ANGLE_FRONT_TO_SIDE,EL MIRAGE,2012-04-17 17:58:00,RAN_STOP_SIGN,NO_IMPROPER_ACTION
2605597,3,OTHER_97,-111.90905305484,33.4585369333301,4,FOUR_WAY_INTERSECTION,OTHER_97,SCOTTSDALE,2012-01-02 16:51:00,NO_IMPROPER_ACTION+NO_IMPROPER_ACTION,FAILED_TO_YIELD_RIGHT_OF_WAY_103
2605695,2,LEFT_TURN,-111.635727733784,33.3501602427349,3,FOUR_WAY_INTERSECTION,LEFT_TURN,UNSPECIFIED_999,2012-02-03 15:25:00,NO_IMPROPER_ACTION,FAILED_TO_YIELD_RIGHT_OF_WAY_103
2605886,2,SIDESWIPE_SAME_DIRECTION,-111.801657408118,34.8632219692096,3,NOT_AT_INTERSECTION_0,SIDESWIPE_SAME_DIRECTION,SEDONA,2012-04-14 11:00:00,NO_IMPROPER_ACTION,FAILED_TO_YIELD_RIGHT_OF_WAY_103
2606079,2,OTHER_97,-112.099220180203,33.3958548669206,5,FOUR_WAY_INTERSECTION,OTHER_97,PHOENIX,2012-01-20 15:48:00,OTHER_97,NO_IMPROPER_ACTION
2606408,2,ANGLE_FRONT_TO_SIDE,-112.134330054889,33.4950134269419,4,NOT_REPORTED_255,ANGLE_FRONT_TO_SIDE,PHOENIX,2012-03-06 15:09:00,DISREGARDED_TRAFFIC_SIGNAL,NO_IMPROPER_ACTION
2606451,2,SIDESWIPE_SAME_DIRECTION,-111.653166987944,35.1986401091446,3,NOT_AT_INTERSECTION_0,SIDESWIPE_SAME_DIRECTION,FLAGSTAFF,2012-04-17 07:31:00,UNSAFE_LANE_CHANGE,NO_IMPROPER_ACTION
2606504,2,ANGLE_FRONT_TO_SIDE,-110.25734203314,31.5530332697137,2,NOT_AT_INTERSECTION_0,ANGLE_FRONT_TO_SIDE,SIERRA VISTA,2012-04-10 17:41:00,INATTENTION_DISTRACTION,NO_IMPROPER_ACTION
2606785,2,ANGLE_FRONT_TO_SIDE,-111.809752139589,33.404204797078,4,FOUR_WAY_INTERSECTION,ANGLE_FRONT_TO_SIDE,MESA,2012-03-14 20:00:00,NO_IMPROPER_ACTION,UNKNOWN_99
2606792,2,SIDESWIPE_OPPOSITE_DIRECTION,-110.040114098501,34.2517303807377,3,NOT_AT_INTERSECTION_0,SIDESWIPE_OPPOSITE_DIRECTION,SHOW LOW,2012-04-21 11:37:00,DROVE_RODE_IN_OPPOSING_TRAFFIC_LANE,NO_IMPROPER_ACTION
2606802,2,REAR_TO_SIDE,-110.082253946926,34.5067570692499,3,NOT_REPORTED_255,REAR_TO_SIDE,SNOWFLAKE,2012-03-15 13:55:00,INATTENTION_DISTRACTION,NO_IMPROPER_ACTION
2606805,2,ANGLE_FRONT_TO_SIDE,-111.876539850536,33.3575899796064,2,T_INTERSECTION,ANGLE_FRONT_TO_SIDE,MESA,2012-03-14 16:08:00,DROVE_RODE_IN_OPPOSING_TRAFFIC_LANE,OTHER_97
2606821,2,ANGLE_FRONT_TO_SIDE,-111.771244844842,33.3790946493667,1,FOUR_WAY_INTERSECTION,ANGLE_FRONT_TO_SIDE,MESA,2012-03-13 15:39:00,NO_IMPROPER_ACTION,INATTENTION_DISTRACTION
2606879,2,ANGLE_FRONT_TO_SIDE,-112.038807325497,33.4802936146358,3,FOUR_WAY_INTERSECTION,ANGLE_FRONT_TO_SIDE,PHOENIX,2012-03-27 10:30:00,DISREGARDED_TRAFFIC_SIGNAL,NO_IMPROPER_ACTION
2606943,2,ANGLE_FRONT_TO_SIDE,-111.684197952131,33.415647391242,1,NOT_AT_INTERSECTION_0,ANGLE_FRONT_TO_SIDE,MESA,2012-04-23 12:20:00,NO_IMPROPER_ACTION,NO_IMPROPER_ACTION+NOT_APPLICABLE_MINUS_1
2607058,2,REAR_END,-111.892589685274,33.3777694512694,3,NOT_REPORTED_255,REAR_END,TEMPE,2012-04-20 20:35:00,KNOWINGLY_OPERATED_WITH_FAULTY_MISSING_EQUIPMENT,INATTENTION_DISTRACTION
2607066,2,ANGLE_FRONT_TO_SIDE,-111.739988728495,32.8868597085557,1,FOUR_WAY_INTERSECTION,ANGLE_FRONT_TO_SIDE,CASA GRANDE,2012-03-02 13:34:00,UNKNOWN_99,UNKNOWN_99
2607221,2,ANGLE_FRONT_TO_SIDE,-112.169260648706,33.6678079118551,2,NOT_REPORTED_255,ANGLE_FRONT_TO_SIDE,PHOENIX,2012-04-10 15:16:00,DROVE_RODE_IN_OPPOSING_TRAFFIC_LANE,NO_IMPROPER_ACTION
2607255,2,ANGLE_FRONT_TO_SIDE,-112.339513153955,33.6160230993993,2,FOUR_WAY_INTERSECTION,ANGLE_FRONT_TO_SIDE,EL MIRAGE,2012-03-14 11:34:00,DROVE_RODE_IN_OPPOSING_TRAFFIC_LANE,NO_IMPROPER_ACTION
2607419,2,LEFT_TURN,-111.841339038292,33.262141985649,3,FOUR_WAY_INTERSECTION,LEFT_TURN,UNSPECIFIED_999,2012-01-20 20:17:00,OTHER_97,FAILED_TO_YIELD_RIGHT_OF_WAY_103
2607439,2,LEFT_TURN,-111.876210191209,33.2913826365717,1,FOUR_WAY_INTERSECTION,LEFT_TURN,CHANDLER,2012-01-21 11:14:00,INATTENTION_DISTRACTION,INATTENTION_DISTRACTION
2607564,2,ANGLE_FRONT_TO_SIDE,-111.756123354923,33.3647075805803,1,FOUR_WAY_INTERSECTION,ANGLE_FRONT_TO_SIDE,GILBERT,2012-03-16 18:15:00,NO_IMPROPER_ACTION,INATTENTION_DISTRACTION
2607585,2,OTHER_97,-111.811047206944,33.2407807977301,1,T_INTERSECTION,OTHER_97,CHANDLER,2012-01-20 13:40:00,DID_NOT_USE_CROSSWALK,NO_IMPROPER_ACTION
2607757,2,SIDESWIPE_OPPOSITE_DIRECTION,-112.341980095375,33.6099019612148,3,T_INTERSECTION,SIDESWIPE_OPPOSITE_DIRECTION,EL MIRAGE,2012-03-17 10:12:00,INATTENTION_DISTRACTION,INATTENTION_DISTRACTION
2607839,2,ANGLE_FRONT_TO_SIDE,-110.967185426185,31.9689303351821,3,T_INTERSECTION,ANGLE_FRONT_TO_SIDE,SAHUARITA,2012-05-04 17:50:00,OTHER_97,NO_IMPROPER_ACTION+NOT_APPLICABLE_MINUS_1
2607843,2,ANGLE_FRONT_TO_SIDE,-111.824346982906,33.3456202170877,1,FOUR_WAY_INTERSECTION,ANGLE_FRONT_TO_SIDE,GILBERT,2012-03-24 18:01:00,NO_IMPROPER_ACTION,OTHER_97
2608071,2,OTHER_97,-112.009170422665,33.6117066159673,2,T_INTERSECTION,OTHER_97,PHOENIX,2012-05-16 16:23:00,NO_IMPROPER_ACTION,OTHER_97
2608241,2,ANGLE_FRONT_TO_SIDE,-111.822433544151,33.4355713463603,4,FOUR_WAY_INTERSECTION,ANGLE_FRONT_TO_SIDE,MESA,2012-03-16 18:08:00,DISREGARDED_TRAFFIC_SIGNAL,NO_IMPROPER_ACTION
2608252,2,ANGLE_FRONT_TO_SIDE,-111.857313761513,33.3881474671883,3,FOUR_WAY_INTERSECTION,ANGLE_FRONT_TO_SIDE,MESA,2012-03-26 13:53:00,OTHER_97,NO_IMPROPER_ACTION
2608281,2,ANGLE_FRONT_TO_SIDE,-111.944281096232,33.4254682030754,3,FOUR_WAY_INTERSECTION,ANGLE_FRONT_TO_SIDE,TEMPE,2012-03-07 19:42:00,KNOWINGLY_OPERATED_WITH_FAULTY_MISSING_EQUIPMENT,NO_IMPROPER_ACTION
2608308,2,ANGLE_FRONT_TO_SIDE,-111.928537540389,33.3565259045475,4,UNKNOWN_99,ANGLE_FRONT_TO_SIDE,TEMPE,2012-03-01 16:28:00,NO_IMPROPER_ACTION,DISREGARDED_TRAFFIC_SIGNAL
2608319,2,ANGLE_FRONT_TO_SIDE,-111.856900716632,33.4028512672382,1,T_INTERSECTION,ANGLE_FRONT_TO_SIDE,MESA,2012-03-15 17:28:00,NO_IMPROPER_ACTION,OTHER_97
2608389,2,OTHER_97,-111.884859631051,33.3639549973795,4,T_INTERSECTION,OTHER_97,MESA,2012-03-20 08:47:00,DROVE_RODE_IN_OPPOSING_TRAFFIC_LANE,NO_IMPROPER_ACTION
2608408,2,REAR_END,-111.016266703631,32.2943064441393,3,T_INTERSECTION,REAR_END,UNSPECIFIED_999,2012-03-21 10:04:00,NO_IMPROPER_ACTION,UNKNOWN_99+NOT_APPLICABLE_MINUS_1
2608419,2,REAR_END,-110.892332167544,32.2792044440572,3,FOUR_WAY_INTERSECTION,REAR_END,UNSPECIFIED_999,2012-03-22 08:09:00,INATTENTION_DISTRACTION,NO_IMPROPER_ACTION
2608468,2,ANGLE_FRONT_TO_SIDE,0,0,1,T_INTERSECTION,ANGLE_FRONT_TO_SIDE,AVONDALE,2012-03-26 08:40:00,INATTENTION_DISTRACTION,UNKNOWN_99
2608603,2,ANGLE_FRONT_TO_SIDE,-112.345393236656,33.4498531598664,4,FOUR_WAY_INTERSECTION,ANGLE_FRONT_TO_SIDE,GOODYEAR,2012-03-21 17:29:00,INATTENTION_DISTRACTION,NO_IMPROPER_ACTION+NOT_APPLICABLE_MINUS_1
2608617,2,ANGLE_FRONT_TO_SIDE,-110.950999221992,32.2284688283011,1,UNKNOWN_99,ANGLE_FRONT_TO_SIDE,TUCSON,2012-03-27 16:55:00,INATTENTION_DISTRACTION,NO_IMPROPER_ACTION
2608655,2,HEAD_ON,-112.186635064417,33.6652499269868,3,FOUR_WAY_INTERSECTION,HEAD_ON,GLENDALE,2012-02-10 17:12:00,INATTENTION_DISTRACTION,NO_IMPROPER_ACTION
2608694,2,OTHER_97,-112.229028185131,33.6527140873537,2,NOT_REPORTED_255,OTHER_97,GLENDALE,2012-02-03 15:23:00,OTHER_97,INATTENTION_DISTRACTION
2608763,2,ANGLE_FRONT_TO_SIDE,-112.177561616934,33.6544411549114,1,FOUR_WAY_INTERSECTION,ANGLE_FRONT_TO_SIDE,GLENDALE,2012-01-27 17:21:00,OTHER_97,INATTENTION_DISTRACTION
2608790,2,ANGLE_FRONT_TO_SIDE,-112.135812236397,33.8653178158889,3,FOUR_WAY_INTERSECTION,ANGLE_FRONT_TO_SIDE,UNSPECIFIED_999,2012-03-02 18:11:00,DISREGARDED_TRAFFIC_SIGNAL,NO_IMPROPER_ACTION
2608957,2,UNKNOWN_99,-112.265462726117,33.6094245596843,2,T_INTERSECTION,UNKNOWN_99,UNSPECIFIED_999,2012-03-15 11:49:00,UNKNOWN_99,OTHER_97
2608960,2,ANGLE_FRONT_TO_SIDE,-112.168865429972,33.5533762227744,2,UNKNOWN_99,ANGLE_FRONT_TO_SIDE,GLENDALE,2012-01-28 15:54:00,NO_IMPROPER_ACTION,NO_IMPROPER_ACTION
2609053,2,OTHER_97,-111.868734983083,33.6255665289048,5,NOT_AT_INTERSECTION_0,OTHER_97,SCOTTSDALE,2012-03-11 16:36:00,NO_IMPROPER_ACTION,NOT_APPLICABLE_MINUS_1+NOT_APPLICABLE_MINUS_1+INATTENTION_DISTRACTION
2609054,2,ANGLE_FRONT_TO_SIDE,-112.377243519778,33.6459187804654,1,NOT_REPORTED_255,ANGLE_FRONT_TO_SIDE,SURPRISE,2012-04-19 15:13:00,FAILED_TO_YIELD_RIGHT_OF_WAY_103,NO_IMPROPER_ACTION+NOT_APPLICABLE_MINUS_1
2609308,2,ANGLE_FRONT_TO_SIDE,-112.194362070771,33.625116004133,1,T_INTERSECTION,ANGLE_FRONT_TO_SIDE,GLENDALE,2012-01-30 08:35:00,NO_IMPROPER_ACTION,FAILED_TO_YIELD_RIGHT_OF_WAY_103
2609309,2,SIDESWIPE_SAME_DIRECTION,-112.173192526353,33.5530899194091,3,FOUR_WAY_INTERSECTION,SIDESWIPE_SAME_DIRECTION,GLENDALE,2012-01-30 09:45:00,FAILED_TO_YIELD_RIGHT_OF_WAY_103,NO_IMPROPER_ACTION
2609349,2,ANGLE_FRONT_TO_SIDE,-112.185838332959,33.6107584870465,2,FOUR_WAY_INTERSECTION,ANGLE_FRONT_TO_SIDE,GLENDALE,2012-02-10 07:44:00,NO_IMPROPER_ACTION,FAILED_TO_YIELD_RIGHT_OF_WAY_103
2609379,2,OTHER_97,-112.472770821031,34.5419530035862,2,NOT_AT_INTERSECTION_0,OTHER_97,PRESCOTT,2012-05-05 08:45:00,NO_IMPROPER_ACTION,NO_IMPROPER_ACTION
2609431,2,REAR_END,-111.900565471239,33.4595960504006,3,UNKNOWN_99,REAR_END,SCOTTSDALE,2012-03-17 09:38:00,NO_IMPROPER_ACTION,FAILED_TO_KEEP_IN_PROPER_LANE
2609712,2,ANGLE_FRONT_TO_SIDE,-112.17970721633,33.5385445712234,2,UNKNOWN_99,ANGLE_FRONT_TO_SIDE,GLENDALE,2012-02-10 13:22:00,DROVE_RODE_IN_OPPOSING_TRAFFIC_LANE,NO_IMPROPER_ACTION
2609798,2,ANGLE_FRONT_TO_SIDE,-112.099928112637,33.6619597781592,4,FOUR_WAY_INTERSECTION,ANGLE_FRONT_TO_SIDE,PHOENIX,2012-04-03 10:10:00,DROVE_RODE_IN_OPPOSING_TRAFFIC_LANE,INATTENTION_DISTRACTION
2609843,2,SIDESWIPE_SAME_DIRECTION,-111.216554338666,32.3495653004935,3,UNKNOWN_99,SIDESWIPE_SAME_DIRECTION,UNSPECIFIED_999,2012-03-30 05:09:00,NO_IMPROPER_ACTION,INATTENTION_DISTRACTION
2609914,2,REAR_END,-111.99544297661,33.4951149904412,3,FOUR_WAY_INTERSECTION,REAR_END,PHOENIX,2012-03-01 01:00:00,NO_IMPROPER_ACTION,UNKNOWN_99
2609918,2,ANGLE_FRONT_TO_SIDE,-111.869755453169,33.414868045233,2,NOT_AT_INTERSECTION_0,ANGLE_FRONT_TO_SIDE,MESA,2012-04-30 12:23:00,NO_IMPROPER_ACTION,OTHER_97+NOT_APPLICABLE_MINUS_1
2610139,2,ANGLE_FRONT_TO_SIDE,-112.038904704811,33.4947805683644,4,FOUR_WAY_INTERSECTION,ANGLE_FRONT_TO_SIDE,PHOENIX,2012-03-02 14:09:00,NO_IMPROPER_ACTION,NOT_APPLICABLE_MINUS_1+FAILED_TO_YIELD_RIGHT_OF_WAY_103
2610150,2,ANGLE_FRONT_TO_SIDE,-112.224954215189,33.4945671536291,3,UNKNOWN_99,ANGLE_FRONT_TO_SIDE,PHOENIX,2012-02-23 07:50:00,OTHER_97,NO_IMPROPER_ACTION
2610175,2,ANGLE_FRONT_TO_SIDE,-112.03062643697,33.5020811058188,1,UNKNOWN_99,ANGLE_FRONT_TO_SIDE,PHOENIX,2012-02-23 18:50:00,NO_IMPROPER_ACTION,NOT_APPLICABLE_MINUS_1+FAILED_TO_YIELD_RIGHT_OF_WAY_103
2610178,2,OTHER_97,-112.066295990477,33.6257549843569,3,T_INTERSECTION,OTHER_97,PHOENIX,2012-02-23 19:20:00,NO_IMPROPER_ACTION,INATTENTION_DISTRACTION
2610183,2,OTHER_97,-112.108576740127,33.4950275781909,1,NOT_REPORTED_255,OTHER_97,PHOENIX,2012-02-05 18:51:00,NO_IMPROPER_ACTION,INATTENTION_DISTRACTION
2610276,2,LEFT_TURN,-112.143736484698,33.6035764032531,3,T_INTERSECTION,LEFT_TURN,PHOENIX,2012-02-24 07:31:00,NO_IMPROPER_ACTION,FAILED_TO_YIELD_RIGHT_OF_WAY_103+NOT_APPLICABLE_MINUS_1
2610323,2,REAR_TO_SIDE,-112.004206383126,33.4814714416082,1,NOT_REPORTED_255,REAR_TO_SIDE,PHOENIX,2012-03-01 07:18:00,OTHER_97,INATTENTION_DISTRACTION
2610438,2,ANGLE_FRONT_TO_SIDE,-112.075353272434,33.6402501812289,3,UNKNOWN_99,ANGLE_FRONT_TO_SIDE,PHOENIX,2012-02-23 14:56:00,INATTENTION_DISTRACTION,NO_IMPROPER_ACTION
2610536,2,ANGLE_FRONT_TO_SIDE,-110.27433813083,31.5546355818892,1,FOUR_WAY_INTERSECTION,ANGLE_FRONT_TO_SIDE,SIERRA VISTA,2012-05-06 13:27:00,NO_IMPROPER_ACTION,FAILED_TO_YIELD_RIGHT_OF_WAY_103+NOT_APPLICABLE_MINUS_1