IncidentID,num_vehicles_involved,eCollisionManner,Longitude,Latitude,InjurySeverity,eIntersectionType,eCollisionManner,city_name,IncidentDateTime,cyclist_citations,driver_citations
2610620,2,ANGLE_FRONT_TO_SIDE,-112.219839946538,33.3845757438987,1,FOUR_WAY_INTERSECTION,ANGLE_FRONT_TO_SIDE,PHOENIX,2012-02-24 17:35:00,NO_IMPROPER_ACTION,NO_IMPROPER_ACTION
2610720,2,ANGLE_FRONT_TO_SIDE,-112.035900916591,33.6113431323295,3,FOUR_WAY_INTERSECTION,ANGLE_FRONT_TO_SIDE,PHOENIX,2012-03-03 12:50:00,DROVE_RODE_IN_OPPOSING_TRAFFIC_LANE,NO_IMPROPER_ACTION
2610725,2,ANGLE_FRONT_TO_SIDE,-112.142932932451,33.5675226827702,3,FOUR_WAY_INTERSECTION,ANGLE_FRONT_TO_SIDE,PHOENIX,2012-02-24 07:35:00,NO_IMPROPER_ACTION,DISREGARDED_TRAFFIC_SIGNAL
2610780,2,ANGLE_FRONT_TO_SIDE,-111.928407748522,33.3798883699016,3,FOUR_WAY_INTERSECTION,ANGLE_FRONT_TO_SIDE,TEMPE,2012-02-28 17:02:00,DISREGARDED_TRAFFIC_SIGNAL,NOT_APPLICABLE_MINUS_1+NO_IMPROPER_ACTION+NOT_APPLICABLE_MINUS_1+NOT_APPLICABLE_MINUS_1
2610906,2,ANGLE_FRONT_TO_SIDE,-111.76135182302,33.3936767301854,1,FOUR_WAY_INTERSECTION,ANGLE_FRONT_TO_SIDE,MESA,2012-03-24 13:18:00,DROVE_RODE_IN_OPPOSING_TRAFFIC_LANE,NO_IMPROPER_ACTION
2610915,2,REAR_END,-111.788061421608,33.4278134992816,4,UNKNOWN_99,REAR_END,MESA,2012-03-27 02:09:00,NO_IMPROPER_ACTION,FAILED_TO_KEEP_IN_PROPER_LANE
2610934,2,ANGLE_FRONT_TO_SIDE,-111.632758452205,33.4003614119236,4,NOT_AT_INTERSECTION_0,ANGLE_FRONT_TO_SIDE,UNSPECIFIED_999,2012-02-21 11:42:00,FAILED_TO_KEEP_IN_PROPER_LANE,NO_IMPROPER_ACTION
2610937,2,SIDESWIPE_OPPOSITE_DIRECTION,-111.779651460795,33.3936039520721,1,UNKNOWN_99,SIDESWIPE_OPPOSITE_DIRECTION,MESA,2012-03-27 15:10:00,DROVE_RODE_IN_OPPOSING_TRAFFIC_LANE,SPEED_TOO_FAST_FOR_CONDITIONS
2610984,2,LEFT_TURN,-112.134241521465,33.5602744686721,4,NOT_AT_INTERSECTION_0,LEFT_TURN,PHOENIX,2012-03-02 16:14:00,FAILED_TO_YIELD_RIGHT_OF_WAY_103,NO_IMPROPER_ACTION
2610990,2,OTHER_97,-111.648368841916,33.4151467542834,1,T_INTERSECTION,OTHER_97,UNSPECIFIED_999,2012-03-17 11:35:00,WALKED_ON_WRONG_SIDE_OF_ROAD,MADE_IMPROPER_TURN
2611017,2,OTHER_97,-111.81998470117,33.3933465878723,3,UNKNOWN_99,OTHER_97,MESA,2012-04-04 15:03:00,NO_IMPROPER_ACTION,INATTENTION_DISTRACTION
2611023,2,ANGLE_FRONT_TO_SIDE,-111.926128498277,33.4128797570023,3,FOUR_WAY_INTERSECTION,ANGLE_FRONT_TO_SIDE,TEMPE,2012-03-14 07:37:00,FAILED_TO_YIELD_RIGHT_OF_WAY_103,NO_IMPROPER_ACTION
2611032,2,ANGLE_FRONT_TO_SIDE,-111.917790881593,33.4220155502729,3,FOUR_WAY_INTERSECTION,ANGLE_FRONT_TO_SIDE,TEMPE,2012-03-14 18:02:00,NO_IMPROPER_ACTION,OTHER_97+NOT_APPLICABLE_MINUS_1
2611067,2,ANGLE_FRONT_TO_SIDE,-112.323818612786,33.4494833927993,3,FOUR_WAY_INTERSECTION,ANGLE_FRONT_TO_SIDE,UNSPECIFIED_999,2012-03-30 07:49:00,NO_IMPROPER_ACTION,FAILED_TO_YIELD_RIGHT_OF_WAY_103
2611080,2,LEFT_TURN,-111.911219605595,33.3596219669652,3,FOUR_WAY_INTERSECTION,LEFT_TURN,TEMPE,2012-03-08 15:57:00,NO_IMPROPER_ACTION,INATTENTION_DISTRACTION
2611096,2,ANGLE_FRONT_TO_SIDE,-112.485107499047,34.5603143323836,2,T_INTERSECTION,ANGLE_FRONT_TO_SIDE,PRESCOTT,2012-03-30 17:08:00,DROVE_RODE_IN_OPPOSING_TRAFFIC_LANE,NO_IMPROPER_ACTION
2611211,2,ANGLE_FRONT_TO_SIDE,-111.976174190295,33.3212345219645,3,UNKNOWN_99,ANGLE_FRONT_TO_SIDE,PHOENIX,2012-02-28 15:57:00,DROVE_RODE_IN_OPPOSING_TRAFFIC_LANE,NO_IMPROPER_ACTION
2611239,2,ANGLE_FRONT_TO_SIDE,-110.974045432628,32.3551531799721,1,UNKNOWN_99,ANGLE_FRONT_TO_SIDE,ORO VALLEY,2012-03-30 14:10:00,NO_IMPROPER_ACTION,OTHER_97
2611240,2,ANGLE_FRONT_TO_SIDE,-110.961210073101,32.4098064637497,3,T_INTERSECTION,ANGLE_FRONT_TO_SIDE,ORO VALLEY,2012-03-31 11:35:00,NO_IMPROPER_ACTION,INATTENTION_DISTRACTION+NOT_APPLICABLE_MINUS_1
2611285,2,ANGLE_FRONT_TO_SIDE,-111.926300264145,33.422051729284,1,FOUR_WAY_INTERSECTION,ANGLE_FRONT_TO_SIDE,TEMPE,2012-03-07 16:32:00,DROVE_RODE_IN_OPPOSING_TRAFFIC_LANE,NO_IMPROPER_ACTION
2611314,2,ANGLE_FRONT_TO_SIDE,-111.946146470586,33.3781974899638,2,FOUR_WAY_INTERSECTION,ANGLE_FRONT_TO_SIDE,TEMPE,2012-03-22 16:46:00,UNKNOWN_99,UNKNOWN_99+NOT_APPLICABLE_MINUS_1
2611318,2,ANGLE_FRONT_TO_SIDE,-111.972313637557,33.3924449540938,2,FOUR_WAY_INTERSECTION,ANGLE_FRONT_TO_SIDE,TEMPE,2012-03-23 13:14:00,OTHER_97,NO_IMPROPER_ACTION
2611493,2,UNKNOWN_99,-111.822925451939,33.3946729837376,3,NOT_REPORTED_255,UNKNOWN_99,MESA,2012-04-17 02:58:00,NO_IMPROPER_ACTION,SPEED_TOO_FAST_FOR_CONDITIONS
2611517,2,ANGLE_FRONT_TO_SIDE,-111.90911671154,33.3928366443338,3,FOUR_WAY_INTERSECTION,ANGLE_FRONT_TO_SIDE,TEMPE,2012-03-26 08:04:00,OTHER_97,NO_IMPROPER_ACTION
2611534,2,LEFT_TURN,-112.030352601078,33.3777783228954,1,FOUR_WAY_INTERSECTION,LEFT_TURN,PHOENIX,2012-03-04 18:02:00,NO_IMPROPER_ACTION,FAILED_TO_YIELD_RIGHT_OF_WAY_103
2611539,2,ANGLE_FRONT_TO_SIDE,-112.142881766359,33.5093190681075,1,FOUR_WAY_INTERSECTION,ANGLE_FRONT_TO_SIDE,PHOENIX,2012-03-05 07:23:00,NO_IMPROPER_ACTION,FAILED_TO_YIELD_RIGHT_OF_WAY_103
2611573,2,LEFT_TURN,-112.030857069633,33.6405555508512,2,FOUR_WAY_INTERSECTION,LEFT_TURN,PHOENIX,2012-02-27 19:30:00,OTHER_97,INATTENTION_DISTRACTION
2611596,2,ANGLE_FRONT_TO_SIDE,-112.581947520471,33.3813216324843,3,FOUR_WAY_INTERSECTION,ANGLE_FRONT_TO_SIDE,BUCKEYE,2012-01-28 17:32:00,RAN_STOP_SIGN,NOT_APPLICABLE_MINUS_1+NO_IMPROPER_ACTION
2611677,2,ANGLE_FRONT_TO_SIDE,-111.926273633744,33.4123309281149,1,NOT_REPORTED_255,ANGLE_FRONT_TO_SIDE,TEMPE,2012-03-21 08:09:00,DROVE_RODE_IN_OPPOSING_TRAFFIC_LANE,NO_IMPROPER_ACTION
2611699,2,LEFT_TURN,-111.662926357245,35.1772133127384,3,FOUR_WAY_INTERSECTION,LEFT_TURN,FLAGSTAFF,2012-05-08 20:40:00,DISREGARDED_TRAFFIC_SIGNAL,NOT_APPLICABLE_MINUS_1+NOT_APPLICABLE_MINUS_1+NO_IMPROPER_ACTION
2611760,2,SIDESWIPE_SAME_DIRECTION,-111.65137650169,35.1982159223929,2,T_INTERSECTION,SIDESWIPE_SAME_DIRECTION,FLAGSTAFF,2012-05-04 18:42:00,UNKNOWN_99,UNKNOWN_99
2611794,2,ANGLE_FRONT_TO_SIDE,-111.909114474608,33.3929876436844,2,FOUR_WAY_INTERSECTION,ANGLE_FRONT_TO_SIDE,TEMPE,2012-03-30 11:50:00,OTHER_97,UNKNOWN_99
2611830,2,ANGLE_FRONT_TO_SIDE,-111.761031807106,33.2663818164402,2,T_INTERSECTION,ANGLE_FRONT_TO_SIDE,GILBERT,2012-04-07 08:54:00,UNKNOWN_99,UNKNOWN_99
2611856,2,LEFT_TURN,-110.953687240522,32.3373265986374,1,T_INTERSECTION,LEFT_TURN,UNSPECIFIED_999,2012-04-04 10:32:00,NO_IMPROPER_ACTION,INATTENTION_DISTRACTION
2611935,2,SIDESWIPE_SAME_DIRECTION,-111.907977694478,33.6540098008386,1,FOUR_WAY_INTERSECTION,SIDESWIPE_SAME_DIRECTION,SCOTTSDALE,2012-03-17 08:29:00,NO_IMPROPER_ACTION,SPEED_TOO_FAST_FOR_CONDITIONS
2612086,3,OTHER_97,-111.687710659908,33.3683625541632,4,FOUR_WAY_INTERSECTION,OTHER_97,GILBERT,2012-03-30 02:44:00,DISREGARDED_TRAFFIC_SIGNAL,NO_IMPROPER_ACTION
2612153,2,ANGLE_FRONT_TO_SIDE,-111.772843339119,33.301497268444,4,T_INTERSECTION,ANGLE_FRONT_TO_SIDE,GILBERT,2012-03-31 09:28:00,NO_IMPROPER_ACTION,INATTENTION_DISTRACTION
2612235,3,ANGLE_FRONT_TO_SIDE,-111.719450908508,33.2631117818878,1,T_INTERSECTION,ANGLE_FRONT_TO_SIDE,GILBERT,2012-04-12 14:50:00,NO_IMPROPER_ACTION+NO_IMPROPER_ACTION,NOT_APPLICABLE_MINUS_1+INATTENTION_DISTRACTION
2612627,2,OTHER_97,-112.234183765731,33.6345704934079,3,FOUR_WAY_INTERSECTION,OTHER_97,PEORIA,2012-04-06 20:15:00,NO_IMPROPER_ACTION,UNKNOWN_99
2612639,2,ANGLE_FRONT_TO_SIDE,-112.235944503465,33.5819140228198,1,FOUR_WAY_INTERSECTION,ANGLE_FRONT_TO_SIDE,PEORIA,2012-04-09 06:43:00,NO_IMPROPER_ACTION,FAILED_TO_YIELD_RIGHT_OF_WAY_103
2612668,2,REAR_END,-111.029457685985,32.3374314225026,1,FOUR_WAY_INTERSECTION,REAR_END,UNSPECIFIED_999,2012-04-24 10:00:00,FAILED_TO_KEEP_IN_PROPER_LANE,NO_IMPROPER_ACTION+NOT_APPLICABLE_MINUS_1
2612741,2,ANGLE_FRONT_TO_SIDE,-112.4703415891,34.5325908350576,2,NOT_AT_INTERSECTION_0,ANGLE_FRONT_TO_SIDE,PRESCOTT,2012-04-25 19:10:00,DROVE_RODE_IN_OPPOSING_TRAFFIC_LANE,NOT_APPLICABLE_MINUS_1+NO_IMPROPER_ACTION
2612802,2,ANGLE_FRONT_TO_SIDE,-112.45728471738,34.5398569569709,2,NOT_REPORTED_255,ANGLE_FRONT_TO_SIDE,PRESCOTT,2012-04-28 10:21:00,OTHER_97,NO_IMPROPER_ACTION
2612812,2,ANGLE_FRONT_TO_SIDE,-112.013289220062,33.6129031471637,3,UNKNOWN_99,ANGLE_FRONT_TO_SIDE,PHOENIX,2012-02-23 09:01:00,NO_IMPROPER_ACTION,FAILED_TO_YIELD_RIGHT_OF_WAY_103
2612848,2,HEAD_ON,-112.071606438521,33.4923497683367,2,FOUR_WAY_INTERSECTION,HEAD_ON,PHOENIX,2012-03-21 21:03:00,NO_IMPROPER_ACTION,OTHER_97
2612928,2,SIDESWIPE_SAME_DIRECTION,-111.651085000972,35.1959522068928,2,UNKNOWN_99,SIDESWIPE_SAME_DIRECTION,FLAGSTAFF,2012-04-12 12:34:00,NO_IMPROPER_ACTION,INATTENTION_DISTRACTION
2612945,2,ANGLE_FRONT_TO_SIDE,-111.796993815767,33.3789709817938,3,T_INTERSECTION,ANGLE_FRONT_TO_SIDE,MESA,2012-03-13 17:18:00,DROVE_RODE_IN_OPPOSING_TRAFFIC_LANE,NO_IMPROPER_ACTION
2612959,2,ANGLE_FRONT_TO_SIDE,-111.736520690405,33.3940602087477,3,FOUR_WAY_INTERSECTION,ANGLE_FRONT_TO_SIDE,MESA,2012-04-11 06:38:00,NO_IMPROPER_ACTION,NO_IMPROPER_ACTION
2613130,2,REAR_END,-111.796431673867,33.4516339974044,1,FOUR_WAY_INTERSECTION,REAR_END,MESA,2012-04-09 16:34:00,NO_IMPROPER_ACTION,DISREGARDED_TRAFFIC_SIGNAL
2613143,2,ANGLE_FRONT_TO_SIDE,-111.605572430475,35.2110242496608,1,NOT_REPORTED_255,ANGLE_FRONT_TO_SIDE,FLAGSTAFF,2012-05-14 07:53:00,DROVE_RODE_IN_OPPOSING_TRAFFIC_LANE,NO_IMPROPER_ACTION
2613223,2,ANGLE_FRONT_TO_SIDE,-110.995838036814,32.3958615014179,1,UNKNOWN_99,ANGLE_FRONT_TO_SIDE,ORO VALLEY,2012-04-16 14:54:00,DROVE_RODE_IN_OPPOSING_TRAFFIC_LANE,INATTENTION_DISTRACTION
2613240,2,ANGLE_FRONT_TO_SIDE,-112.426733488105,33.631911715092,2,FOUR_WAY_INTERSECTION,ANGLE_FRONT_TO_SIDE,SURPRISE,2012-05-05 07:20:00,NO_IMPROPER_ACTION,FAILED_TO_YIELD_RIGHT_OF_WAY_103
2613307,2,ANGLE_FRONT_TO_SIDE,-112.472304596499,34.5653404025748,3,T_INTERSECTION,ANGLE_FRONT_TO_SIDE,UNSPECIFIED_999,2012-04-17 15:52:00,UNKNOWN_99,UNKNOWN_99
2613376,2,LEFT_TURN,-110.96108040913,32.3156047320712,4,FOUR_WAY_INTERSECTION,LEFT_TURN,UNSPECIFIED_999,2012-04-20 09:09:00,NO_IMPROPER_ACTION,INATTENTION_DISTRACTION
2613380,2,OTHER_97,-112.34105834276,33.4389488382574,2,UNKNOWN_99,OTHER_97,AVONDALE,2012-04-26 16:15:00,INATTENTION_DISTRACTION,INATTENTION_DISTRACTION
2613393,2,OTHER_97,-112.151728892719,33.4768472086001,1,FOUR_WAY_INTERSECTION,OTHER_97,PHOENIX,2012-04-01 16:03:00,DID_NOT_USE_CROSSWALK,NO_IMPROPER_ACTION
2613409,2,ANGLE_FRONT_TO_SIDE,-111.929582895682,33.4220071290979,1,UNKNOWN_99,ANGLE_FRONT_TO_SIDE,TEMPE,2012-04-02 14:00:00,OTHER_97,NO_IMPROPER_ACTION
2613448,2,OTHER_97,-111.909128424798,33.3920459567646,1,NOT_REPORTED_255,OTHER_97,TEMPE,2012-04-02 15:08:00,OTHER_97,UNKNOWN_99
2613502,2,LEFT_TURN,-111.114946655741,32.3594219666897,1,FOUR_WAY_INTERSECTION,LEFT_TURN,MARANA,2012-05-01 18:39:00,NO_IMPROPER_ACTION,MADE_IMPROPER_TURN
2613564,2,OTHER_97,-112.255007562997,33.6745877520701,1,FOUR_WAY_INTERSECTION,OTHER_97,PEORIA,2012-04-26 18:45:00,DROVE_RODE_IN_OPPOSING_TRAFFIC_LANE,INATTENTION_DISTRACTION
2613669,2,LEFT_TURN,-112.279990119748,33.6672340835946,3,T_INTERSECTION,LEFT_TURN,PEORIA,2012-04-24 13:58:00,UNKNOWN_99,UNKNOWN_99
2613698,2,ANGLE_FRONT_TO_SIDE,-111.99599404585,33.6197490247753,2,UNKNOWN_99,ANGLE_FRONT_TO_SIDE,PHOENIX,2012-03-03 22:05:00,DID_NOT_USE_CROSSWALK,NOT_APPLICABLE_MINUS_1+NO_IMPROPER_ACTION+NOT_APPLICABLE_MINUS_1
2613755,2,LEFT_TURN,-111.989012688905,33.3260619322872,1,NOT_REPORTED_255,LEFT_TURN,PHOENIX,2012-03-11 12:28:00,OTHER_97,NO_IMPROPER_ACTION
2613861,2,ANGLE_FRONT_TO_SIDE,-112.127542590426,33.4369079049482,4,NOT_AT_INTERSECTION_0,ANGLE_FRONT_TO_SIDE,PHOENIX,2012-03-29 14:04:00,DROVE_RODE_IN_OPPOSING_TRAFFIC_LANE,NO_IMPROPER_ACTION
2613868,2,LEFT_TURN,-112.245437205715,33.4222377296137,4,T_INTERSECTION,LEFT_TURN,PHOENIX,2012-03-06 12:50:00,INATTENTION_DISTRACTION,NO_IMPROPER_ACTION+NOT_APPLICABLE_MINUS_1
2613916,2,UNKNOWN_99,-112.082574928547,33.4587588368635,3,FOUR_WAY_INTERSECTION,UNKNOWN_99,PHOENIX,2012-03-02 23:27:00,DISREGARDED_TRAFFIC_SIGNAL,NO_IMPROPER_ACTION
2613939,2,LEFT_TURN,-112.177775354648,33.467648265389,3,NOT_AT_INTERSECTION_0,LEFT_TURN,PHOENIX,2012-03-29 17:38:00,FAILED_TO_YIELD_RIGHT_OF_WAY_103,NO_IMPROPER_ACTION
2613961,2,ANGLE_FRONT_TO_SIDE,-112.00324230392,33.4951631507438,3,UNKNOWN_99,ANGLE_FRONT_TO_SIDE,PHOENIX,2012-03-04 11:07:00,INATTENTION_DISTRACTION,NOT_APPLICABLE_MINUS_1+NO_IMPROPER_ACTION
2613977,2,ANGLE_FRONT_TO_SIDE,-112.086994963718,33.4460112255427,2,FOUR_WAY_INTERSECTION,ANGLE_FRONT_TO_SIDE,PHOENIX,2012-03-10 15:19:00,FAILED_TO_YIELD_RIGHT_OF_WAY_103,NO_IMPROPER_ACTION
2614029,2,ANGLE_FRONT_TO_SIDE,-112.136207697582,33.5819511084517,4,UNKNOWN_99,ANGLE_FRONT_TO_SIDE,PHOENIX,2012-03-07 15:55:00,OTHER_97,OTHER_97
2614034,2,ANGLE_FRONT_TO_SIDE,-111.977392933549,33.6478555293719,1,FOUR_WAY_INTERSECTION,ANGLE_FRONT_TO_SIDE,PHOENIX,2012-03-11 22:06:00,DROVE_RODE_IN_OPPOSING_TRAFFIC_LANE,UNKNOWN_99
2614106,2,ANGLE_FRONT_TO_SIDE,-111.977896359165,33.6105057905385,3,UNKNOWN_99,ANGLE_FRONT_TO_SIDE,PHOENIX,2012-03-12 12:32:00,DROVE_RODE_IN_OPPOSING_TRAFFIC_LANE,NOT_APPLICABLE_MINUS_1+FAILED_TO_YIELD_RIGHT_OF_WAY_103
2614295,2,ANGLE_FRONT_TO_SIDE,-112.048183828778,33.6403992933356,3,FOUR_WAY_INTERSECTION,ANGLE_FRONT_TO_SIDE,PHOENIX,2012-03-31 09:03:00,OTHER_97,UNKNOWN_99
2614318,2,ANGLE_FRONT_TO_SIDE,-111.977430384389,33.6550973103523,3,T_INTERSECTION,ANGLE_FRONT_TO_SIDE,PHOENIX,2012-03-31 13:08:00,DISREGARDED_TRAFFIC_SIGNAL,NO_IMPROPER_ACTION
2614323,2,ANGLE_FRONT_TO_SIDE,-112.051085882075,33.3926292425435,3,T_INTERSECTION,ANGLE_FRONT_TO_SIDE,PHOENIX,2012-03-08 19:57:00,DROVE_RODE_IN_OPPOSING_TRAFFIC_LANE,NOT_APPLICABLE_MINUS_1+NO_IMPROPER_ACTION
2614325,2,OTHER_97,-111.983894902344,33.305257077075,3,NOT_AT_INTERSECTION_0,OTHER_97,PHOENIX,2012-03-31 14:24:00,INATTENTION_DISTRACTION,NO_IMPROPER_ACTION+NOT_APPLICABLE_MINUS_1+NOT_APPLICABLE_MINUS_1
2614336,2,OTHER_97,-110.966977089941,32.1596463153187,4,FOUR_WAY_INTERSECTION,OTHER_97,TUCSON,2012-01-30 19:26:00,NO_IMPROPER_ACTION,NOT_APPLICABLE_MINUS_1+NOT_APPLICABLE_MINUS_1+NOT_APPLICABLE_MINUS_1+FAILED_TO_YIELD_RIGHT_OF_WAY_103+NOT_APPLICABLE_MINUS_1
2614374,2,OTHER_97,-110.843920898418,32.2065073133794,3,NOT_REPORTED_255,OTHER_97,TUCSON,2012-01-03 16:16:00,OTHER_97,UNKNOWN_99
2614412,2,ANGLE_FRONT_TO_SIDE,-112.038867413847,33.5056941111674,1,FOUR_WAY_INTERSECTION,ANGLE_FRONT_TO_SIDE,PHOENIX,2012-03-13 19:30:00,NO_IMPROPER_ACTION,FAILED_TO_YIELD_RIGHT_OF_WAY_103
2614415,2,ANGLE_FRONT_TO_SIDE,-112.080285256547,33.4658992923712,4,FOUR_WAY_INTERSECTION,ANGLE_FRONT_TO_SIDE,PHOENIX,2012-04-02 08:06:00,DISREGARDED_TRAFFIC_SIGNAL,NO_IMPROPER_ACTION
2614431,2,ANGLE_FRONT_TO_SIDE,-112.12084220208,33.5689460272816,2,UNKNOWN_99,ANGLE_FRONT_TO_SIDE,PHOENIX,2012-03-13 14:28:00,DROVE_RODE_IN_OPPOSING_TRAFFIC_LANE,NO_IMPROPER_ACTION
2614473,2,ANGLE_FRONT_TO_SIDE,-112.151125215937,33.6249994039903,2,UNKNOWN_99,ANGLE_FRONT_TO_SIDE,PHOENIX,2012-03-14 07:15:00,DROVE_RODE_IN_OPPOSING_TRAFFIC_LANE,NO_IMPROPER_ACTION
2614485,2,LEFT_TURN,-112.013133699329,33.5897389828706,2,FOUR_WAY_INTERSECTION,LEFT_TURN,PHOENIX,2012-04-03 16:36:00,NO_IMPROPER_ACTION,FAILED_TO_YIELD_RIGHT_OF_WAY_103
2614504,2,SIDESWIPE_OPPOSITE_DIRECTION,-112.104295448261,33.4658762731832,1,T_INTERSECTION,SIDESWIPE_OPPOSITE_DIRECTION,PHOENIX,2012-03-15 16:04:00,NO_IMPROPER_ACTION,INATTENTION_DISTRACTION
2614532,2,ANGLE_FRONT_TO_SIDE,-112.017234660635,33.4758496382158,3,T_INTERSECTION,ANGLE_FRONT_TO_SIDE,PHOENIX,2012-04-09 13:45:00,INATTENTION_DISTRACTION,NO_IMPROPER_ACTION+NOT_APPLICABLE_MINUS_1
2614598,2,ANGLE_FRONT_TO_SIDE,-111.96975298417,33.4509621197841,3,FOUR_WAY_INTERSECTION,ANGLE_FRONT_TO_SIDE,PHOENIX,2012-03-16 04:34:00,FAILED_TO_YIELD_RIGHT_OF_WAY_103,NO_IMPROPER_ACTION
2614644,2,SIDESWIPE_OPPOSITE_DIRECTION,-112.073799129689,33.4655312124642,2,FOUR_WAY_INTERSECTION,SIDESWIPE_OPPOSITE_DIRECTION,PHOENIX,2012-03-11 17:17:00,NO_IMPROPER_ACTION,NOT_APPLICABLE_MINUS_1+NOT_APPLICABLE_MINUS_1+INATTENTION_DISTRACTION
2614655,2,ANGLE_FRONT_TO_SIDE,-112.163993753883,33.6304545363639,3,T_INTERSECTION,ANGLE_FRONT_TO_SIDE,PHOENIX,2012-03-17 14:10:00,FAILED_TO_YIELD_RIGHT_OF_WAY_103,NO_IMPROPER_ACTION
2614661,2,ANGLE_FRONT_TO_SIDE,-112.012921911497,33.4657310799671,4,FOUR_WAY_INTERSECTION,ANGLE_FRONT_TO_SIDE,PHOENIX,2012-03-17 14:34:00,DISREGARDED_TRAFFIC_SIGNAL,NO_IMPROPER_ACTION
2614666,2,SIDESWIPE_SAME_DIRECTION,-112.065015485616,33.5067448298583,2,UNKNOWN_99,SIDESWIPE_SAME_DIRECTION,PHOENIX,2012-03-11 23:33:00,NO_IMPROPER_ACTION,OTHER_UNSAFE_PASSING
2614749,2,ANGLE_FRONT_TO_SIDE,-112.067376339585,33.5641346121545,3,UNKNOWN_99,ANGLE_FRONT_TO_SIDE,PHOENIX,2012-03-20 18:55:00,FAILED_TO_YIELD_RIGHT_OF_WAY_103,NO_IMPROPER_ACTION
2614773,2,OTHER_97,-112.115543736395,33.683795440655,2,T_INTERSECTION,OTHER_97,PHOENIX,2012-03-13 04:50:00,UNKNOWN_99,FAILED_TO_YIELD_RIGHT_OF_WAY_103
2614859,2,OTHER_97,-112.082462539867,33.516686098403,1,FOUR_WAY_INTERSECTION,OTHER_97,PHOENIX,2012-03-15 21:59:00,INATTENTION_DISTRACTION,NO_IMPROPER_ACTION
2614868,2,ANGLE_FRONT_TO_SIDE,-112.138428062482,33.5094423772458,3,FOUR_WAY_INTERSECTION,ANGLE_FRONT_TO_SIDE,PHOENIX,2012-03-14 17:51:00,NO_IMPROPER_ACTION,DISREGARDED_TRAFFIC_SIGNAL
2614917,2,OTHER_97,-112.021595533906,33.5024189506256,2,FOUR_WAY_INTERSECTION,OTHER_97,PHOENIX,2012-03-21 10:12:00,NO_IMPROPER_ACTION,DISREGARDED_TRAFFIC_SIGNAL+NOT_APPLICABLE_MINUS_1
2614925,2,ANGLE_FRONT_TO_SIDE,-111.925610197739,33.6254992492778,3,NOT_REPORTED_255,ANGLE_FRONT_TO_SIDE,PHOENIX,2012-02-22 20:35:00,DROVE_RODE_IN_OPPOSING_TRAFFIC_LANE,NO_IMPROPER_ACTION
2614937,2,LEFT_TURN,-112.220603266034,33.482061776402,2,UNKNOWN_99,LEFT_TURN,PHOENIX,2012-03-22 21:02:00,DID_NOT_USE_CROSSWALK,EXCEEDED_LAWFUL_SPEED
2614958,2,LEFT_TURN,-111.875455125271,33.6219011190202,4,NOT_REPORTED_255,LEFT_TURN,SCOTTSDALE,2012-02-20 09:50:00,NO_IMPROPER_ACTION,OTHER_97
2614981,2,ANGLE_FRONT_TO_SIDE,-112.092127217198,33.6401661767113,3,UNKNOWN_99,ANGLE_FRONT_TO_SIDE,PHOENIX,2012-03-22 16:11:00,SPEED_TOO_FAST_FOR_CONDITIONS,INATTENTION_DISTRACTION
2614998,2,ANGLE_FRONT_TO_SIDE,-112.220922090557,33.5813791386115,3,NOT_AT_INTERSECTION_0,ANGLE_FRONT_TO_SIDE,PEORIA,2012-04-28 13:25:00,NO_IMPROPER_ACTION,NO_IMPROPER_ACTION
2615094,2,LEFT_TURN,-112.138613765565,33.5385026047018,3,FOUR_WAY_INTERSECTION,LEFT_TURN,PHOENIX,2012-01-29 16:45:00,NO_IMPROPER_ACTION,OTHER_97
2615112,2,ANGLE_FRONT_TO_SIDE,-111.755754516671,33.353350322605,1,T_INTERSECTION,ANGLE_FRONT_TO_SIDE,GILBERT,2012-04-23 12:37:00,DROVE_RODE_IN_OPPOSING_TRAFFIC_LANE,NO_IMPROPER_ACTION
2615197,2,ANGLE_FRONT_TO_SIDE,-111.636117974176,33.3755097366327,3,T_INTERSECTION,ANGLE_FRONT_TO_SIDE,MESA,2012-04-19 10:21:00,NO_IMPROPER_ACTION,OTHER_97
2615249,2,ANGLE_FRONT_TO_SIDE,-111.805323627021,33.4079167454695,3,FOUR_WAY_INTERSECTION,ANGLE_FRONT_TO_SIDE,MESA,2012-04-20 18:19:00,NO_IMPROPER_ACTION,SPEED_TOO_FAST_FOR_CONDITIONS+NOT_APPLICABLE_MINUS_1
2615261,2,OTHER_97,-111.78815006668,33.4226398147675,2,FOUR_WAY_INTERSECTION,OTHER_97,MESA,2012-04-24 20:12:00,NO_IMPROPER_ACTION,UNKNOWN_99
2615283,2,ANGLE_FRONT_TO_SIDE,-111.778968173059,33.4299586178627,3,UNKNOWN_99,ANGLE_FRONT_TO_SIDE,MESA,2012-04-19 15:09:00,INATTENTION_DISTRACTION,NO_IMPROPER_ACTION
2615294,2,ANGLE_FRONT_TO_SIDE,-111.874586619211,33.3989559132453,3,UNKNOWN_99,ANGLE_FRONT_TO_SIDE,MESA,2012-04-19 13:25:00,OTHER_97,OTHER_97
2615301,2,HEAD_ON,-111.602605501848,33.4108713417263,3,UNKNOWN_99,HEAD_ON,MESA,2012-04-23 08:17:00,DROVE_RODE_IN_OPPOSING_TRAFFIC_LANE,OTHER_97