IncidentID,num_vehicles_involved,eCollisionManner,Longitude,Latitude,InjurySeverity,eIntersectionType,eCollisionManner,city_name,IncidentDateTime,cyclist_citations,driver_citations
2615443,2,HEAD_ON,-111.999768915064,33.5024586937773,3,NOT_AT_INTERSECTION_0,HEAD_ON,PHOENIX,2012-04-20 15:45:00,DROVE_RODE_IN_OPPOSING_TRAFFIC_LANE,NOT_APPLICABLE_MINUS_1+NOT_APPLICABLE_MINUS_1+NOT_APPLICABLE_MINUS_1+NO_IMPROPER_ACTION+NOT_APPLICABLE_MINUS_1
2615449,2,SIDESWIPE_SAME_DIRECTION,-112.199372194901,33.4803839986754,2,NOT_AT_INTERSECTION_0,SIDESWIPE_SAME_DIRECTION,PHOENIX,2012-05-01 13:23:00,OTHER_97,NO_IMPROPER_ACTION
2615504,2,OTHER_97,-112.070346915548,33.4875077365072,2,UNKNOWN_99,OTHER_97,PHOENIX,2012-03-09 15:05:00,FAILED_TO_YIELD_RIGHT_OF_WAY_103,NO_IMPROPER_ACTION
2615556,2,ANGLE_FRONT_TO_SIDE,-112.099250244101,33.7765302989923,3,FOUR_WAY_INTERSECTION,ANGLE_FRONT_TO_SIDE,PHOENIX,2012-03-24 09:49:00,NO_IMPROPER_ACTION,FAILED_TO_YIELD_RIGHT_OF_WAY_103
2615648,2,ANGLE_FRONT_TO_SIDE,-112.059623649792,33.4802081404057,2,T_INTERSECTION,ANGLE_FRONT_TO_SIDE,PHOENIX,2012-03-26 17:44:00,WALKED_ON_WRONG_SIDE_OF_ROAD,NOT_APPLICABLE_MINUS_1+NOT_APPLICABLE_MINUS_1+NOT_APPLICABLE_MINUS_1+FAILED_TO_YIELD_RIGHT_OF_WAY_103
2615732,2,UNKNOWN_99,-112.047682372216,33.4523793980025,3,UNKNOWN_99,UNKNOWN_99,PHOENIX,2012-03-23 21:20:00,UNKNOWN_99,OTHER_97
2615833,2,SIDESWIPE_OPPOSITE_DIRECTION,-111.647622463555,35.206579103982,4,FOUR_WAY_INTERSECTION,SIDESWIPE_OPPOSITE_DIRECTION,FLAGSTAFF,2012-05-19 14:57:00,FAILED_TO_YIELD_RIGHT_OF_WAY_103,NOT_APPLICABLE_MINUS_1+NO_IMPROPER_ACTION
2616030,2,ANGLE_FRONT_TO_SIDE,-112.047623520701,33.4944223617137,2,NOT_AT_INTERSECTION_0,ANGLE_FRONT_TO_SIDE,PHOENIX,2012-04-19 10:39:00,NO_IMPROPER_ACTION,FAILED_TO_YIELD_RIGHT_OF_WAY_103
2616097,2,ANGLE_FRONT_TO_SIDE,-112.06056155765,33.5713654745235,3,FIVE_POINT_OR_MORE,ANGLE_FRONT_TO_SIDE,PHOENIX,2012-03-29 13:20:00,DISREGARDED_TRAFFIC_SIGNAL,NO_IMPROPER_ACTION
2616122,2,ANGLE_FRONT_TO_SIDE,-111.856567194092,33.3931060845847,3,NOT_AT_INTERSECTION_0,ANGLE_FRONT_TO_SIDE,MESA,2012-05-10 08:44:00,NO_IMPROPER_ACTION,INATTENTION_DISTRACTION
2616132,2,ANGLE_FRONT_TO_SIDE,-112.04374234974,33.4803736921828,2,T_INTERSECTION,ANGLE_FRONT_TO_SIDE,PHOENIX,2012-03-29 17:21:00,DROVE_RODE_IN_OPPOSING_TRAFFIC_LANE,FAILED_TO_YIELD_RIGHT_OF_WAY_103
2616140,2,ANGLE_FRONT_TO_SIDE,-112.062822978974,33.5093634697163,2,FOUR_WAY_INTERSECTION,ANGLE_FRONT_TO_SIDE,PHOENIX,2012-03-27 14:50:00,NO_IMPROPER_ACTION,FAILED_TO_YIELD_RIGHT_OF_WAY_103
2616186,2,OTHER_97,-111.857128386413,33.3966922394748,3,NOT_REPORTED_255,OTHER_97,MESA,2012-05-12 22:37:00,NO_IMPROPER_ACTION,INATTENTION_DISTRACTION
2616214,2,ANGLE_FRONT_TO_SIDE,-111.856590947826,33.4149111185627,3,FOUR_WAY_INTERSECTION,ANGLE_FRONT_TO_SIDE,MESA,2012-05-10 18:07:00,DISREGARDED_TRAFFIC_SIGNAL,NOT_APPLICABLE_MINUS_1+NO_IMPROPER_ACTION+NOT_APPLICABLE_MINUS_1+NOT_APPLICABLE_MINUS_1
2616237,2,REAR_END,-111.770927778547,33.4355354819582,3,NOT_REPORTED_255,REAR_END,MESA,2012-05-15 07:40:00,UNSAFE_LANE_CHANGE,NOT_APPLICABLE_MINUS_1+NO_IMPROPER_ACTION+NOT_APPLICABLE_MINUS_1
2616271,2,ANGLE_FRONT_TO_SIDE,-111.855398053414,33.4003838923532,3,NOT_AT_INTERSECTION_0,ANGLE_FRONT_TO_SIDE,MESA,2012-05-12 14:04:00,NO_IMPROPER_ACTION,INATTENTION_DISTRACTION
2616282,2,ANGLE_FRONT_TO_SIDE,-111.783179278883,33.4517784931479,2,FOUR_WAY_INTERSECTION,ANGLE_FRONT_TO_SIDE,MESA,2012-05-18 09:15:00,DROVE_RODE_IN_OPPOSING_TRAFFIC_LANE,UNKNOWN_99
2616294,2,OTHER_97,-111.684549921768,33.4102451336303,3,NOT_AT_INTERSECTION_0,OTHER_97,MESA,2012-05-17 15:37:00,NO_IMPROPER_ACTION,SPEED_TOO_FAST_FOR_CONDITIONS
2616346,2,ANGLE_FRONT_TO_SIDE,-112.117219138919,33.4975534144754,3,NOT_REPORTED_255,ANGLE_FRONT_TO_SIDE,PHOENIX,2012-04-14 11:32:00,DROVE_RODE_IN_OPPOSING_TRAFFIC_LANE,UNKNOWN_99
2616353,2,ANGLE_FRONT_TO_SIDE,-111.916716209482,33.6363055706123,3,T_INTERSECTION,ANGLE_FRONT_TO_SIDE,SCOTTSDALE,2012-01-20 12:54:00,DROVE_RODE_IN_OPPOSING_TRAFFIC_LANE,NO_IMPROPER_ACTION
2616356,3,ANGLE_FRONT_TO_SIDE,-111.882905014298,33.5748024489056,3,T_INTERSECTION,ANGLE_FRONT_TO_SIDE,SCOTTSDALE,2012-01-20 06:55:00,NO_IMPROPER_ACTION+NO_IMPROPER_ACTION,NOT_APPLICABLE_MINUS_1+OTHER_97
2616612,2,ANGLE_FRONT_TO_SIDE,-111.756418043753,33.3647071712345,3,NOT_REPORTED_255,ANGLE_FRONT_TO_SIDE,GILBERT,2012-05-20 09:44:00,NO_IMPROPER_ACTION,NO_IMPROPER_ACTION
2616629,2,ANGLE_FRONT_TO_SIDE,-111.876367023469,33.3132878540351,2,FOUR_WAY_INTERSECTION,ANGLE_FRONT_TO_SIDE,CHANDLER,2012-02-17 16:27:00,WALKED_ON_WRONG_SIDE_OF_ROAD,NO_IMPROPER_ACTION
2616702,2,ANGLE_FRONT_TO_SIDE,-111.842738388214,33.3435725930352,3,UNKNOWN_99,ANGLE_FRONT_TO_SIDE,CHANDLER,2012-02-19 16:51:00,SPEED_TOO_FAST_FOR_CONDITIONS,NOT_APPLICABLE_MINUS_1+NOT_APPLICABLE_MINUS_1+NO_IMPROPER_ACTION
2616736,2,ANGLE_FRONT_TO_SIDE,-111.82414146099,33.3170033223414,2,T_INTERSECTION,ANGLE_FRONT_TO_SIDE,CHANDLER,2012-02-24 06:45:00,DROVE_RODE_IN_OPPOSING_TRAFFIC_LANE,NO_IMPROPER_ACTION
2616759,2,LEFT_TURN,-111.841465823419,33.3022311733755,1,FOUR_WAY_INTERSECTION,LEFT_TURN,CHANDLER,2012-02-23 16:49:00,NO_IMPROPER_ACTION,OTHER_97
2616763,2,ANGLE_FRONT_TO_SIDE,-111.859104982457,33.3497226129062,3,T_INTERSECTION,ANGLE_FRONT_TO_SIDE,CHANDLER,2012-02-25 19:32:00,DROVE_RODE_IN_OPPOSING_TRAFFIC_LANE,RAN_STOP_SIGN
2616809,2,ANGLE_FRONT_TO_SIDE,-111.859100972209,33.3060306458665,1,FOUR_WAY_INTERSECTION,ANGLE_FRONT_TO_SIDE,CHANDLER,2012-03-03 19:01:00,NO_IMPROPER_ACTION,OTHER_UNSAFE_PASSING
2616810,2,ANGLE_FRONT_TO_SIDE,-111.828483842124,33.3061924620586,4,UNKNOWN_99,ANGLE_FRONT_TO_SIDE,CHANDLER,2012-03-03 18:56:00,FAILED_TO_YIELD_RIGHT_OF_WAY_103,NOT_APPLICABLE_MINUS_1+NO_IMPROPER_ACTION
2616966,2,OTHER_97,-110.978149611491,32.2828469675739,3,FOUR_WAY_INTERSECTION,OTHER_97,TUCSON,2012-01-28 09:48:00,NO_IMPROPER_ACTION,OTHER_97
2616973,2,UNKNOWN_99,-112.030837467461,33.6622902112777,1,T_INTERSECTION,UNKNOWN_99,PHOENIX,2012-04-05 04:15:00,UNKNOWN_99,UNKNOWN_99
2616982,2,ANGLE_FRONT_TO_SIDE,-112.220342431252,33.6816585836732,2,FOUR_WAY_INTERSECTION,ANGLE_FRONT_TO_SIDE,GLENDALE,2012-02-29 16:48:00,FAILED_TO_YIELD_RIGHT_OF_WAY_103,NO_IMPROPER_ACTION
2617028,2,ANGLE_FRONT_TO_SIDE,-111.861112043664,33.2987728988691,1,NOT_REPORTED_255,ANGLE_FRONT_TO_SIDE,CHANDLER,2012-03-15 13:40:00,INATTENTION_DISTRACTION,NOT_APPLICABLE_MINUS_1+NO_IMPROPER_ACTION
2617056,2,LEFT_TURN,-111.841600642013,33.3202367162885,2,NOT_REPORTED_255,LEFT_TURN,CHANDLER,2012-03-09 10:09:00,DROVE_RODE_IN_OPPOSING_TRAFFIC_LANE,INATTENTION_DISTRACTION
2617086,2,OTHER_97,-112.202713140892,33.596176615453,3,FOUR_WAY_INTERSECTION,OTHER_97,PEORIA,2012-02-27 15:30:00,NO_IMPROPER_ACTION,DISREGARDED_TRAFFIC_SIGNAL
2617088,2,UNKNOWN_99,-112.169001818726,33.5675295933953,3,FOUR_WAY_INTERSECTION,UNKNOWN_99,GLENDALE,2012-02-27 22:57:00,DISREGARDED_TRAFFIC_SIGNAL,NO_IMPROPER_ACTION
2617225,2,OTHER_97,-112.202796542843,33.5817049231712,1,FOUR_WAY_INTERSECTION,OTHER_97,GLENDALE,2012-03-03 14:47:00,NO_IMPROPER_ACTION,FAILED_TO_YIELD_RIGHT_OF_WAY_103
2617230,2,ANGLE_FRONT_TO_SIDE,-112.255015972833,33.5087936043839,1,FOUR_WAY_INTERSECTION,ANGLE_FRONT_TO_SIDE,UNSPECIFIED_999,2012-03-01 17:23:00,NO_IMPROPER_ACTION,FAILED_TO_YIELD_RIGHT_OF_WAY_103
2617300,2,OTHER_97,-110.995070132403,32.2612932393439,3,NOT_REPORTED_255,OTHER_97,TUCSON,2012-02-05 17:38:00,DISREGARDED_TRAFFIC_SIGNAL,UNKNOWN_99
2617334,2,REAR_END,-112.153854599656,33.5311954386567,1,UNKNOWN_99,REAR_END,GLENDALE,2012-03-18 22:11:00,NO_IMPROPER_ACTION,FAILED_TO_KEEP_IN_PROPER_LANE
2617379,2,ANGLE_FRONT_TO_SIDE,-112.203086610615,33.5238630673043,2,FOUR_WAY_INTERSECTION,ANGLE_FRONT_TO_SIDE,GLENDALE,2012-03-10 19:22:00,FAILED_TO_YIELD_RIGHT_OF_WAY_103,NO_IMPROPER_ACTION
2617420,2,LEFT_TURN,-112.230072013415,33.6459396513653,2,T_INTERSECTION,LEFT_TURN,GLENDALE,2012-03-14 19:55:00,DROVE_RODE_IN_OPPOSING_TRAFFIC_LANE,NO_IMPROPER_ACTION
2617460,2,REAR_END,0,0,4,UNKNOWN_99,REAR_END,PHOENIX,2012-03-08 08:24:00,NO_IMPROPER_ACTION,SPEED_TOO_FAST_FOR_CONDITIONS
2617612,2,UNKNOWN_99,-112.384130369564,33.6486258092924,4,UNKNOWN_99,UNKNOWN_99,SURPRISE,2012-03-28 22:26:00,KNOWINGLY_OPERATED_WITH_FAULTY_MISSING_EQUIPMENT,NO_IMPROPER_ACTION+NOT_APPLICABLE_MINUS_1
2617808,2,ANGLE_FRONT_TO_SIDE,-112.134368774818,33.4789588186167,3,T_INTERSECTION,ANGLE_FRONT_TO_SIDE,PHOENIX,2012-04-03 20:45:00,KNOWINGLY_OPERATED_WITH_FAULTY_MISSING_EQUIPMENT,UNKNOWN_99
2617819,2,OTHER_97,-111.968661166608,33.6405187651899,2,FOUR_WAY_INTERSECTION,OTHER_97,PHOENIX,2012-04-05 08:56:00,DISREGARDED_TRAFFIC_SIGNAL,NO_IMPROPER_ACTION
2617900,2,ANGLE_FRONT_TO_SIDE,-110.019108637402,34.2018260080197,3,FOUR_WAY_INTERSECTION,ANGLE_FRONT_TO_SIDE,SHOW LOW,2012-05-27 09:58:00,INATTENTION_DISTRACTION,INATTENTION_DISTRACTION
2617902,2,ANGLE_FRONT_TO_SIDE,-112.173303761542,33.4948634503835,2,UNKNOWN_99,ANGLE_FRONT_TO_SIDE,PHOENIX,2012-03-30 11:48:00,INATTENTION_DISTRACTION,NO_IMPROPER_ACTION
2618129,2,SIDESWIPE_OPPOSITE_DIRECTION,-111.65592767311,35.1996215838197,3,Y_INTERSECTION,SIDESWIPE_OPPOSITE_DIRECTION,FLAGSTAFF,2012-05-22 17:39:00,NO_IMPROPER_ACTION,FAILED_TO_YIELD_RIGHT_OF_WAY_103
2618138,2,SIDESWIPE_SAME_DIRECTION,-111.65531565485,35.1952708259463,2,FOUR_WAY_INTERSECTION,SIDESWIPE_SAME_DIRECTION,FLAGSTAFF,2012-05-24 09:57:00,NO_IMPROPER_ACTION,NOT_APPLICABLE_MINUS_1+NO_IMPROPER_ACTION
2618150,2,ANGLE_FRONT_TO_SIDE,-111.657271967943,35.1937253892482,4,Y_INTERSECTION,ANGLE_FRONT_TO_SIDE,FLAGSTAFF,2012-05-24 08:08:00,DROVE_RODE_IN_OPPOSING_TRAFFIC_LANE,NO_IMPROPER_ACTION
2618245,2,ANGLE_FRONT_TO_SIDE,-112.065219582264,33.570085747369,2,UNKNOWN_99,ANGLE_FRONT_TO_SIDE,PHOENIX,2012-04-11 17:45:00,DID_NOT_USE_CROSSWALK,NO_IMPROPER_ACTION
2618246,2,OTHER_97,-112.10378304573,33.5095855389693,3,FOUR_WAY_INTERSECTION,OTHER_97,PHOENIX,2012-04-09 12:48:00,NO_IMPROPER_ACTION,SPEED_TOO_FAST_FOR_CONDITIONS
2618268,2,ANGLE_FRONT_TO_SIDE,-112.090543559422,33.3921405268639,3,FOUR_WAY_INTERSECTION,ANGLE_FRONT_TO_SIDE,PHOENIX,2012-04-12 10:20:00,DROVE_RODE_IN_OPPOSING_TRAFFIC_LANE,UNKNOWN_99
2618352,2,SIDESWIPE_SAME_DIRECTION,-111.804562341535,33.7413886130127,4,UNKNOWN_99,SIDESWIPE_SAME_DIRECTION,SCOTTSDALE,2012-02-26 11:17:00,NO_IMPROPER_ACTION,UNKNOWN_99
2618372,2,LEFT_TURN,-111.90743122629,33.671628094633,3,FOUR_WAY_INTERSECTION,LEFT_TURN,SCOTTSDALE,2012-03-14 19:09:00,OTHER_97,NOT_APPLICABLE_MINUS_1+NO_IMPROPER_ACTION
2618630,2,OTHER_97,-111.011431127785,32.2719080159582,2,NOT_REPORTED_255,OTHER_97,TUCSON,2012-02-29 21:17:00,MADE_IMPROPER_TURN,NO_IMPROPER_ACTION
2618695,2,HEAD_ON,-111.93479556185,33.47299232178,1,FOUR_WAY_INTERSECTION,HEAD_ON,SCOTTSDALE,2012-03-23 15:18:00,NO_IMPROPER_ACTION,MADE_IMPROPER_TURN
2618729,2,ANGLE_FRONT_TO_SIDE,-111.926337701881,33.458568444221,2,FOUR_WAY_INTERSECTION,ANGLE_FRONT_TO_SIDE,SCOTTSDALE,2012-03-30 09:37:00,DISREGARDED_TRAFFIC_SIGNAL,NO_IMPROPER_ACTION
2618783,2,LEFT_TURN,-112.453373074742,34.5992592231938,1,T_INTERSECTION,LEFT_TURN,PRESCOTT,2012-05-23 06:10:00,RAN_STOP_SIGN,NO_IMPROPER_ACTION
2618946,2,SIDESWIPE_SAME_DIRECTION,-111.814007989051,33.4354965089286,2,FOUR_WAY_INTERSECTION,SIDESWIPE_SAME_DIRECTION,MESA,2012-04-02 16:14:00,NO_IMPROPER_ACTION,DISREGARDED_TRAFFIC_SIGNAL
2618956,2,ANGLE_FRONT_TO_SIDE,-111.836696340054,33.4123855397271,2,UNKNOWN_99,ANGLE_FRONT_TO_SIDE,MESA,2012-04-30 16:17:00,UNKNOWN_99,NO_IMPROPER_ACTION
2619010,2,ANGLE_FRONT_TO_SIDE,-111.082483711819,32.1794549194397,1,T_INTERSECTION,ANGLE_FRONT_TO_SIDE,UNSPECIFIED_999,2012-04-29 08:07:00,NO_IMPROPER_ACTION,OTHER_97
2619025,2,ANGLE_FRONT_TO_SIDE,-112.342024222808,33.6163195494116,2,T_INTERSECTION,ANGLE_FRONT_TO_SIDE,EL MIRAGE,2012-04-27 16:48:00,NO_IMPROPER_ACTION,DISREGARDED_PAVEMENT_MARKINGS
2619271,2,ANGLE_FRONT_TO_SIDE,-111.736410200835,33.4233174044532,3,UNKNOWN_99,ANGLE_FRONT_TO_SIDE,MESA,2012-04-29 14:29:00,DROVE_RODE_IN_OPPOSING_TRAFFIC_LANE,NO_IMPROPER_ACTION
2619289,2,ANGLE_FRONT_TO_SIDE,-111.921853626238,33.4075090309961,3,UNKNOWN_99,ANGLE_FRONT_TO_SIDE,TEMPE,2012-04-24 11:40:00,DROVE_RODE_IN_OPPOSING_TRAFFIC_LANE,NO_IMPROPER_ACTION
2619306,2,ANGLE_FRONT_TO_SIDE,-111.936633291599,33.3638090511565,3,T_INTERSECTION,ANGLE_FRONT_TO_SIDE,TEMPE,2012-04-19 19:15:00,DROVE_RODE_IN_OPPOSING_TRAFFIC_LANE,INATTENTION_DISTRACTION
2619428,2,ANGLE_FRONT_TO_SIDE,-112.111924075365,33.5529525118325,2,FOUR_WAY_INTERSECTION,ANGLE_FRONT_TO_SIDE,PHOENIX,2012-04-30 21:25:00,NO_IMPROPER_ACTION,DISREGARDED_TRAFFIC_SIGNAL
2619530,2,SIDESWIPE_OPPOSITE_DIRECTION,-111.618107290554,35.2118100437386,3,NOT_AT_INTERSECTION_0,SIDESWIPE_OPPOSITE_DIRECTION,FLAGSTAFF,2012-06-02 09:49:00,NO_IMPROPER_ACTION,NO_IMPROPER_ACTION
2619599,2,ANGLE_FRONT_TO_SIDE,-111.660499617866,33.4224171521658,2,T_INTERSECTION,ANGLE_FRONT_TO_SIDE,MESA,2012-05-29 13:10:00,OTHER_97,NO_IMPROPER_ACTION
2619636,2,ANGLE_FRONT_TO_SIDE,-111.869888214742,33.4220270973153,4,UNKNOWN_99,ANGLE_FRONT_TO_SIDE,MESA,2012-05-03 16:06:00,DROVE_RODE_IN_OPPOSING_TRAFFIC_LANE,RAN_STOP_SIGN
2619651,2,LEFT_TURN,-111.834132012765,33.4077719831033,3,NOT_AT_INTERSECTION_0,LEFT_TURN,MESA,2012-05-30 14:54:00,NO_IMPROPER_ACTION,NOT_APPLICABLE_MINUS_1+OTHER_97
2619725,2,ANGLE_FRONT_TO_SIDE,-111.770927681405,33.4356454110972,1,T_INTERSECTION,ANGLE_FRONT_TO_SIDE,MESA,2012-05-01 20:34:00,NO_IMPROPER_ACTION,INATTENTION_DISTRACTION
2619822,2,ANGLE_FRONT_TO_SIDE,-112.482058415792,34.5576868434698,3,FOUR_WAY_INTERSECTION,ANGLE_FRONT_TO_SIDE,PRESCOTT,2012-05-05 16:33:00,UNKNOWN_99,NO_IMPROPER_ACTION
2619892,2,OTHER_97,-111.037416279947,32.3132817129254,3,T_INTERSECTION,OTHER_97,UNSPECIFIED_999,2012-05-05 09:30:00,NO_IMPROPER_ACTION,DISREGARDED_PAVEMENT_MARKINGS
2619902,2,ANGLE_FRONT_TO_SIDE,-110.908043831499,32.3089057130772,1,T_INTERSECTION,ANGLE_FRONT_TO_SIDE,UNSPECIFIED_999,2012-05-16 06:10:00,NO_IMPROPER_ACTION,DISREGARDED_TRAFFIC_SIGNAL
2619916,2,ANGLE_FRONT_TO_SIDE,-112.065243674146,33.440924447147,4,T_INTERSECTION,ANGLE_FRONT_TO_SIDE,PHOENIX,2012-03-29 12:58:00,FAILED_TO_YIELD_RIGHT_OF_WAY_103,NO_IMPROPER_ACTION+NOT_APPLICABLE_MINUS_1
2619947,2,LEFT_TURN,-111.007176245396,32.343138542585,1,T_INTERSECTION,LEFT_TURN,UNSPECIFIED_999,2012-05-29 17:40:00,NO_IMPROPER_ACTION,DISREGARDED_TRAFFIC_SIGNAL
2619953,2,ANGLE_FRONT_TO_SIDE,-111.876675164517,33.3755986170432,2,NOT_AT_INTERSECTION_0,ANGLE_FRONT_TO_SIDE,MESA,2012-06-03 10:45:00,NO_IMPROPER_ACTION,INATTENTION_DISTRACTION
2620018,2,OTHER_97,-111.74734855977,33.3647396034044,2,T_INTERSECTION,OTHER_97,GILBERT,2012-05-09 07:19:00,NO_IMPROPER_ACTION,OTHER_97
2620071,2,LEFT_TURN,-111.824313086664,33.3418884870337,1,T_INTERSECTION,LEFT_TURN,GILBERT,2012-05-11 06:24:00,DISREGARDED_TRAFFIC_SIGNAL,OTHER_97
2620078,2,ANGLE_FRONT_TO_SIDE,-111.704459237563,33.3504726142303,1,FOUR_WAY_INTERSECTION,ANGLE_FRONT_TO_SIDE,GILBERT,2012-05-11 05:26:00,NO_IMPROPER_ACTION,SPEED_TOO_FAST_FOR_CONDITIONS
2620086,2,ANGLE_FRONT_TO_SIDE,-110.991274157207,32.4497614051503,3,FOUR_WAY_INTERSECTION,ANGLE_FRONT_TO_SIDE,ORO VALLEY,2012-05-28 11:26:00,UNKNOWN_99,NOT_APPLICABLE_MINUS_1+NOT_APPLICABLE_MINUS_1+NO_IMPROPER_ACTION
2620141,2,ANGLE_FRONT_TO_SIDE,-111.646240749607,35.1874092668794,3,FOUR_WAY_INTERSECTION,ANGLE_FRONT_TO_SIDE,FLAGSTAFF,2012-06-04 20:19:00,OTHER_97,NO_IMPROPER_ACTION
2620151,3,REAR_END,-111.657634099027,35.1934410960812,3,NOT_AT_INTERSECTION_0,REAR_END,FLAGSTAFF,2012-06-07 13:02:00,NO_IMPROPER_ACTION,UNSAFE_LANE_CHANGE+NOT_APPLICABLE_MINUS_1+NO_IMPROPER_ACTION+NOT_APPLICABLE_MINUS_1
2620220,2,ANGLE_FRONT_TO_SIDE,-111.613053918681,35.2061680903189,3,FOUR_WAY_INTERSECTION,ANGLE_FRONT_TO_SIDE,FLAGSTAFF,2012-06-05 17:22:00,DISREGARDED_TRAFFIC_SIGNAL,NO_IMPROPER_ACTION
2620333,2,OTHER_97,-111.61883939203,33.4078318753993,2,T_INTERSECTION,OTHER_97,UNSPECIFIED_999,2012-04-01 08:59:00,WALKED_ON_WRONG_SIDE_OF_ROAD,INATTENTION_DISTRACTION
2620365,2,ANGLE_FRONT_TO_SIDE,-112.368176875062,33.6878218838356,3,FOUR_WAY_INTERSECTION,ANGLE_FRONT_TO_SIDE,UNSPECIFIED_999,2012-04-09 15:09:00,NO_IMPROPER_ACTION,FAILED_TO_YIELD_RIGHT_OF_WAY_103
2620395,2,ANGLE_FRONT_TO_SIDE,-111.987203996113,33.4480910463135,3,FOUR_WAY_INTERSECTION,ANGLE_FRONT_TO_SIDE,PHOENIX,2012-05-10 18:01:00,FAILED_TO_YIELD_RIGHT_OF_WAY_103,NO_IMPROPER_ACTION
2620415,2,ANGLE_FRONT_TO_SIDE,-112.341090019871,33.4493193162439,4,UNKNOWN_99,ANGLE_FRONT_TO_SIDE,AVONDALE,2012-05-09 16:01:00,NO_IMPROPER_ACTION,INATTENTION_DISTRACTION
2620417,2,ANGLE_FRONT_TO_SIDE,-111.837137189023,33.378775074193,2,FOUR_WAY_INTERSECTION,ANGLE_FRONT_TO_SIDE,MESA,2012-05-01 22:15:00,UNKNOWN_99,UNKNOWN_99
2620604,2,ANGLE_FRONT_TO_SIDE,-112.047626522164,33.460517185674,1,FOUR_WAY_INTERSECTION,ANGLE_FRONT_TO_SIDE,PHOENIX,2012-04-10 16:43:00,UNKNOWN_99,UNKNOWN_99
2620608,2,ANGLE_FRONT_TO_SIDE,-111.96705726936,33.6115687461471,3,T_INTERSECTION,ANGLE_FRONT_TO_SIDE,PHOENIX,2012-04-13 07:10:00,OTHER_97,NO_IMPROPER_ACTION
2620672,2,OTHER_97,-112.047622611118,33.4945871796947,3,FOUR_WAY_INTERSECTION,OTHER_97,PHOENIX,2012-04-14 16:20:00,OTHER_97,OTHER_97
2620673,2,ANGLE_FRONT_TO_SIDE,-112.069548410669,33.5713178901618,2,UNKNOWN_99,ANGLE_FRONT_TO_SIDE,PHOENIX,2012-04-06 09:20:00,OTHER_97,NO_IMPROPER_ACTION
2620706,3,LEFT_TURN,-112.151188433149,33.6107355868091,2,FOUR_WAY_INTERSECTION,LEFT_TURN,PHOENIX,2012-04-07 17:27:00,NO_IMPROPER_ACTION,NO_IMPROPER_ACTION+MADE_IMPROPER_TURN
2620725,2,UNKNOWN_99,-111.978042590139,33.357622520916,4,FOUR_WAY_INTERSECTION,UNKNOWN_99,PHOENIX,2012-04-15 12:26:00,UNKNOWN_99,UNKNOWN_99
2620878,2,ANGLE_FRONT_TO_SIDE,-112.126498911708,33.5759889925583,2,UNKNOWN_99,ANGLE_FRONT_TO_SIDE,PHOENIX,2012-04-17 06:08:00,NO_IMPROPER_ACTION,FAILED_TO_YIELD_RIGHT_OF_WAY_103
2620929,2,HEAD_ON,-112.05632605872,33.49480800064,1,FOUR_WAY_INTERSECTION,HEAD_ON,PHOENIX,2012-04-17 18:29:00,DROVE_RODE_IN_OPPOSING_TRAFFIC_LANE,INATTENTION_DISTRACTION
2621264,2,ANGLE_FRONT_TO_SIDE,-112.082537768185,33.5711555239386,2,FOUR_WAY_INTERSECTION,ANGLE_FRONT_TO_SIDE,PHOENIX,2012-04-15 09:52:00,DISREGARDED_TRAFFIC_SIGNAL,NO_IMPROPER_ACTION
2621284,2,SIDESWIPE_SAME_DIRECTION,-112.151583258588,33.5059222660677,1,UNKNOWN_99,SIDESWIPE_SAME_DIRECTION,PHOENIX,2012-04-18 13:23:00,DID_NOT_USE_CROSSWALK,NO_IMPROPER_ACTION
2621430,2,ANGLE_FRONT_TO_SIDE,-111.744355133618,32.8795599350445,2,T_INTERSECTION,ANGLE_FRONT_TO_SIDE,CASA GRANDE,2012-05-19 15:01:00,UNKNOWN_99,NOT_APPLICABLE_MINUS_1+NOT_APPLICABLE_MINUS_1+NO_IMPROPER_ACTION
2621442,2,ANGLE_FRONT_TO_SIDE,-111.934769125944,33.4803677404465,3,FOUR_WAY_INTERSECTION,ANGLE_FRONT_TO_SIDE,SCOTTSDALE,2012-04-04 08:46:00,DROVE_RODE_IN_OPPOSING_TRAFFIC_LANE,NO_IMPROPER_ACTION
2621455,2,REAR_END,-111.906465716362,33.5447666785799,2,FOUR_WAY_INTERSECTION,REAR_END,SCOTTSDALE,2012-04-03 12:05:00,NO_IMPROPER_ACTION,NO_IMPROPER_ACTION
2621456,2,ANGLE_FRONT_TO_SIDE,-111.882690090773,33.5825647744532,2,FOUR_WAY_INTERSECTION,ANGLE_FRONT_TO_SIDE,SCOTTSDALE,2012-04-03 11:57:00,NO_IMPROPER_ACTION,INATTENTION_DISTRACTION+NOT_APPLICABLE_MINUS_1
2621476,2,ANGLE_FRONT_TO_SIDE,-111.925894447653,33.5242630141141,3,FOUR_WAY_INTERSECTION,ANGLE_FRONT_TO_SIDE,SCOTTSDALE,2012-04-12 12:34:00,OTHER_97,INATTENTION_DISTRACTION
2621479,2,OTHER_97,-111.904906799742,33.4948708547294,2,FOUR_WAY_INTERSECTION,OTHER_97,SCOTTSDALE,2012-04-08 19:25:00,UNKNOWN_99,NOT_APPLICABLE_MINUS_1+UNKNOWN_99