IncidentID,num_vehicles_involved,eCollisionManner,Longitude,Latitude,InjurySeverity,eIntersectionType,eCollisionManner,city_name,IncidentDateTime,cyclist_citations,driver_citations
2621487,2,OTHER_97,-111.926107575657,33.4968326647628,3,FOUR_WAY_INTERSECTION,OTHER_97,SCOTTSDALE,2012-04-06 19:26:00,INATTENTION_DISTRACTION,NO_IMPROPER_ACTION+NOT_APPLICABLE_MINUS_1
2621506,2,ANGLE_FRONT_TO_SIDE,-111.921762087525,33.4913103495487,3,T_INTERSECTION,ANGLE_FRONT_TO_SIDE,SCOTTSDALE,2012-04-11 14:55:00,DISREGARDED_TRAFFIC_SIGNAL,NO_IMPROPER_ACTION
2621532,2,ANGLE_FRONT_TO_SIDE,-111.891960799145,33.4209066119894,2,NOT_REPORTED_255,ANGLE_FRONT_TO_SIDE,TEMPE,2012-06-01 20:44:00,UNKNOWN_99,UNKNOWN_99
2621537,2,OTHER_97,-110.917638042109,32.1671564265759,3,UNKNOWN_99,OTHER_97,TUCSON,2012-01-16 13:50:00,DROVE_RODE_IN_OPPOSING_TRAFFIC_LANE,NO_IMPROPER_ACTION
2621557,2,OTHER_97,-110.965540233268,32.2251140966808,1,FOUR_WAY_INTERSECTION,OTHER_97,TUCSON,2012-01-20 23:52:00,KNOWINGLY_OPERATED_WITH_FAULTY_MISSING_EQUIPMENT,FAILED_TO_YIELD_RIGHT_OF_WAY_103
2621601,2,ANGLE_FRONT_TO_SIDE,-110.282115665839,31.5546382016831,1,NOT_AT_INTERSECTION_0,ANGLE_FRONT_TO_SIDE,SIERRA VISTA,2012-05-19 10:13:00,NO_IMPROPER_ACTION,INATTENTION_DISTRACTION
2621609,2,OTHER_97,-111.005551180064,32.2263654310461,3,T_INTERSECTION,OTHER_97,TUCSON,2012-01-19 17:32:00,NO_IMPROPER_ACTION,NO_IMPROPER_ACTION
2621617,2,OTHER_97,-110.943537210585,32.1924232667371,1,FOUR_WAY_INTERSECTION,OTHER_97,TUCSON,2012-01-19 18:19:00,NO_IMPROPER_ACTION,FAILED_TO_YIELD_RIGHT_OF_WAY_103
2621625,2,OTHER_97,-110.968527115266,32.2123497630348,4,UNKNOWN_99,OTHER_97,TUCSON,2012-01-19 16:47:00,OTHER_97,FAILED_TO_YIELD_RIGHT_OF_WAY_103
2621657,2,OTHER_97,-110.956305668607,32.2121168439417,3,FOUR_WAY_INTERSECTION,OTHER_97,TUCSON,2012-01-25 06:57:00,NO_IMPROPER_ACTION,FAILED_TO_YIELD_RIGHT_OF_WAY_103
2621675,2,OTHER_97,-110.789744091668,32.2208295085424,3,FOUR_WAY_INTERSECTION,OTHER_97,TUCSON,2012-01-27 11:45:00,NO_IMPROPER_ACTION,NO_IMPROPER_ACTION
2621698,2,OTHER_97,-110.98657901128,32.2720380468372,3,FOUR_WAY_INTERSECTION,OTHER_97,TUCSON,2012-01-30 13:50:00,DROVE_RODE_IN_OPPOSING_TRAFFIC_LANE,UNKNOWN_99
2621808,2,SIDESWIPE_SAME_DIRECTION,-110.974825562792,32.3205466631654,3,T_INTERSECTION,SIDESWIPE_SAME_DIRECTION,UNSPECIFIED_999,2012-06-25 08:01:00,NO_IMPROPER_ACTION,FAILED_TO_YIELD_RIGHT_OF_WAY_103
2621825,2,OTHER_97,-110.90971399464,32.2506022604025,3,FOUR_WAY_INTERSECTION,OTHER_97,TUCSON,2012-01-31 15:34:00,UNKNOWN_99,UNKNOWN_99
2621834,2,OTHER_97,-110.989559652257,32.2296163804137,3,FOUR_WAY_INTERSECTION,OTHER_97,TUCSON,2012-01-31 20:31:00,UNKNOWN_99,UNKNOWN_99
2621855,2,OTHER_97,-110.864516553593,32.2380153489236,2,FOUR_WAY_INTERSECTION,OTHER_97,TUCSON,2012-01-03 07:37:00,MADE_IMPROPER_TURN,NO_IMPROPER_ACTION
2621877,2,OTHER_97,-110.892282053179,32.2103525878857,2,T_INTERSECTION,OTHER_97,TUCSON,2012-01-04 12:54:00,INATTENTION_DISTRACTION,NO_IMPROPER_ACTION
2621879,2,ANGLE_FRONT_TO_SIDE,-111.779796611367,33.4081370287143,1,FOUR_WAY_INTERSECTION,ANGLE_FRONT_TO_SIDE,MESA,2012-06-01 18:05:00,DISREGARDED_PAVEMENT_MARKINGS,INATTENTION_DISTRACTION
2621905,3,OTHER_97,-110.975180539152,32.2719891223891,3,UNKNOWN_99,OTHER_97,TUCSON,2012-01-07 17:30:00,DROVE_RODE_IN_OPPOSING_TRAFFIC_LANE,EXCEEDED_LAWFUL_SPEED
2621970,2,OTHER_97,-110.997751204972,32.1625834845293,4,UNKNOWN_99,OTHER_97,TUCSON,2012-01-11 07:25:00,NO_IMPROPER_ACTION,FAILED_TO_KEEP_IN_PROPER_LANE
2621978,2,OTHER_97,-110.95468914561,32.206887398895,2,T_INTERSECTION,OTHER_97,TUCSON,2012-01-11 14:05:00,NO_IMPROPER_ACTION,FAILED_TO_YIELD_RIGHT_OF_WAY_103+NOT_APPLICABLE_MINUS_1
2621986,2,OTHER_97,-110.874853323487,32.243461774642,2,UNKNOWN_99,OTHER_97,TUCSON,2012-01-13 15:41:00,NO_IMPROPER_ACTION,FAILED_TO_YIELD_RIGHT_OF_WAY_103
2622005,2,OTHER_97,-112.326898479013,34.5858843178555,2,FOUR_WAY_INTERSECTION,OTHER_97,PRESCOTT VALLEY,2012-05-18 13:08:00,UNKNOWN_99,NO_IMPROPER_ACTION
2622021,2,ANGLE_FRONT_TO_SIDE,-111.917482678533,33.4956620094507,4,UNKNOWN_99,ANGLE_FRONT_TO_SIDE,SCOTTSDALE,2012-04-07 11:57:00,NO_IMPROPER_ACTION,INATTENTION_DISTRACTION
2622074,2,SIDESWIPE_SAME_DIRECTION,-112.239758575763,33.6782113692775,4,T_INTERSECTION,SIDESWIPE_SAME_DIRECTION,PEORIA,2012-05-01 14:24:00,FAILED_TO_YIELD_RIGHT_OF_WAY_103,NO_IMPROPER_ACTION+NOT_APPLICABLE_MINUS_1
2622079,2,ANGLE_FRONT_TO_SIDE,-112.220057783001,33.6341744750699,1,T_INTERSECTION,ANGLE_FRONT_TO_SIDE,PEORIA,2012-05-03 10:02:00,NO_IMPROPER_ACTION,FAILED_TO_YIELD_RIGHT_OF_WAY_103
2622139,2,ANGLE_FRONT_TO_SIDE,-111.908624696633,33.5966855208816,3,FOUR_WAY_INTERSECTION,ANGLE_FRONT_TO_SIDE,SCOTTSDALE,2012-04-19 20:54:00,DROVE_RODE_IN_OPPOSING_TRAFFIC_LANE,INATTENTION_DISTRACTION
2622140,2,OTHER_97,-111.86895219014,33.7501960129148,4,T_INTERSECTION,OTHER_97,SCOTTSDALE,2012-04-15 13:21:00,SPEED_TOO_FAST_FOR_CONDITIONS,NO_IMPROPER_ACTION
2622354,2,OTHER_97,-110.834571066255,32.220982093089,3,FOUR_WAY_INTERSECTION,OTHER_97,TUCSON,2012-03-22 11:02:00,WALKED_ON_WRONG_SIDE_OF_ROAD,INATTENTION_DISTRACTION
2622369,2,OTHER_97,-110.978122905749,32.2610241314525,3,T_INTERSECTION,OTHER_97,TUCSON,2012-03-24 10:12:00,NO_IMPROPER_ACTION,FAILED_TO_YIELD_RIGHT_OF_WAY_103
2622436,2,SIDESWIPE_OPPOSITE_DIRECTION,0,0,4,NOT_AT_INTERSECTION_0,SIDESWIPE_OPPOSITE_DIRECTION,TEMPE,2012-04-22 19:57:00,INATTENTION_DISTRACTION,NO_IMPROPER_ACTION
2622440,2,LEFT_TURN,-111.909091494913,33.4183303692253,2,NOT_AT_INTERSECTION_0,LEFT_TURN,TEMPE,2012-04-04 18:10:00,NO_IMPROPER_ACTION,OTHER_97
2622476,2,OTHER_97,-111.961602783641,33.3806405408966,2,FOUR_WAY_INTERSECTION,OTHER_97,TEMPE,2012-04-07 18:07:00,DROVE_RODE_IN_OPPOSING_TRAFFIC_LANE,NOT_APPLICABLE_MINUS_1+NO_IMPROPER_ACTION
2622511,2,ANGLE_FRONT_TO_SIDE,-111.857042452501,33.3989951196582,3,UNKNOWN_99,ANGLE_FRONT_TO_SIDE,MESA,2012-05-18 14:57:00,OTHER_97,OTHER_97
2622562,2,ANGLE_FRONT_TO_SIDE,-112.144201365358,33.4513942256548,3,T_INTERSECTION,ANGLE_FRONT_TO_SIDE,PHOENIX,2012-04-12 17:05:00,NO_IMPROPER_ACTION,INATTENTION_DISTRACTION
2622654,2,OTHER_97,-112.035138426018,33.5056776579231,1,UNKNOWN_99,OTHER_97,PHOENIX,2012-04-20 17:57:00,OTHER_97,NO_IMPROPER_ACTION
2622697,2,ANGLE_FRONT_TO_SIDE,-112.081533350794,33.4288191926314,2,T_INTERSECTION,ANGLE_FRONT_TO_SIDE,PHOENIX,2012-05-10 17:11:00,DROVE_RODE_IN_OPPOSING_TRAFFIC_LANE,NO_IMPROPER_ACTION
2622754,2,ANGLE_FRONT_TO_SIDE,-112.12669621946,33.5530914602971,3,UNKNOWN_99,ANGLE_FRONT_TO_SIDE,PHOENIX,2012-04-18 12:53:00,DROVE_RODE_IN_OPPOSING_TRAFFIC_LANE,NO_IMPROPER_ACTION
2622841,2,ANGLE_FRONT_TO_SIDE,-111.963161552086,33.3782394115219,2,FOUR_WAY_INTERSECTION,ANGLE_FRONT_TO_SIDE,TEMPE,2012-03-10 19:10:00,DROVE_RODE_IN_OPPOSING_TRAFFIC_LANE,OTHER_97
2622877,2,ANGLE_FRONT_TO_SIDE,-112.116913752594,33.5380614637551,3,UNKNOWN_99,ANGLE_FRONT_TO_SIDE,PHOENIX,2012-04-19 20:11:00,DROVE_RODE_IN_OPPOSING_TRAFFIC_LANE,NO_IMPROPER_ACTION
2622896,2,ANGLE_FRONT_TO_SIDE,-110.257344885341,31.5454014566366,1,FOUR_WAY_INTERSECTION,ANGLE_FRONT_TO_SIDE,SIERRA VISTA,2012-05-28 13:12:00,NO_IMPROPER_ACTION,INATTENTION_DISTRACTION
2623092,2,ANGLE_FRONT_TO_SIDE,-111.99386259822,33.3926475386479,3,T_INTERSECTION,ANGLE_FRONT_TO_SIDE,PHOENIX,2012-04-19 22:45:00,OTHER_97,NO_IMPROPER_ACTION
2623097,2,OTHER_97,-111.684311053748,33.4371569173979,2,FOUR_WAY_INTERSECTION,OTHER_97,MESA,2012-05-07 09:49:00,DISREGARDED_TRAFFIC_SIGNAL,NO_IMPROPER_ACTION
2623116,2,ANGLE_FRONT_TO_SIDE,-112.109675560239,33.5240990569859,2,UNKNOWN_99,ANGLE_FRONT_TO_SIDE,PHOENIX,2012-04-23 13:18:00,OTHER_97,NO_IMPROPER_ACTION
2623124,2,ANGLE_FRONT_TO_SIDE,-112.151522442208,33.5818035952123,3,FOUR_WAY_INTERSECTION,ANGLE_FRONT_TO_SIDE,PHOENIX,2012-04-23 22:15:00,DISREGARDED_TRAFFIC_SIGNAL,NO_IMPROPER_ACTION+NOT_APPLICABLE_MINUS_1+NOT_APPLICABLE_MINUS_1
2623126,2,ANGLE_FRONT_TO_SIDE,-112.077020212023,33.5714015948193,2,T_INTERSECTION,ANGLE_FRONT_TO_SIDE,PHOENIX,2012-04-18 15:06:00,INATTENTION_DISTRACTION,NO_IMPROPER_ACTION
2623172,2,ANGLE_FRONT_TO_SIDE,-112.181973354793,33.5058824098477,2,FOUR_WAY_INTERSECTION,ANGLE_FRONT_TO_SIDE,PHOENIX,2012-04-24 08:21:00,RAN_STOP_SIGN,NOT_APPLICABLE_MINUS_1+NO_IMPROPER_ACTION
2623197,2,ANGLE_FRONT_TO_SIDE,-112.082815360222,33.6547743606652,3,UNKNOWN_99,ANGLE_FRONT_TO_SIDE,PHOENIX,2012-04-24 18:33:00,SPEED_TOO_FAST_FOR_CONDITIONS,NO_IMPROPER_ACTION
2623259,2,ANGLE_FRONT_TO_SIDE,-111.719343810611,33.3938314224572,3,FOUR_WAY_INTERSECTION,ANGLE_FRONT_TO_SIDE,MESA,2012-05-15 08:48:00,DROVE_RODE_IN_OPPOSING_TRAFFIC_LANE,SPEED_TOO_FAST_FOR_CONDITIONS
2623263,2,ANGLE_FRONT_TO_SIDE,-112.099702304912,33.5223643084641,2,UNKNOWN_99,ANGLE_FRONT_TO_SIDE,PHOENIX,2012-04-19 18:13:00,NO_IMPROPER_ACTION,FAILED_TO_YIELD_RIGHT_OF_WAY_103
2623282,2,HEAD_ON,-112.065034339319,33.500072362043,2,T_INTERSECTION,HEAD_ON,PHOENIX,2012-04-23 13:14:00,NO_IMPROPER_ACTION,INATTENTION_DISTRACTION
2623285,2,ANGLE_FRONT_TO_SIDE,-112.143604235738,33.6983704013858,2,FOUR_WAY_INTERSECTION,ANGLE_FRONT_TO_SIDE,PHOENIX,2012-04-20 15:25:00,OTHER_97,NO_IMPROPER_ACTION
2623294,2,LEFT_TURN,-111.980342247007,33.3035405157065,4,UNKNOWN_99,LEFT_TURN,PHOENIX,2012-04-22 11:06:00,NO_IMPROPER_ACTION,FAILED_TO_YIELD_RIGHT_OF_WAY_103
2623345,2,REAR_TO_SIDE,-111.781455748191,33.2774552040457,1,FOUR_WAY_INTERSECTION,REAR_TO_SIDE,GILBERT,2012-05-19 20:00:00,NO_IMPROPER_ACTION,NO_IMPROPER_ACTION
2623396,2,ANGLE_FRONT_TO_SIDE,-111.891312888723,33.3638710356419,3,FOUR_WAY_INTERSECTION,ANGLE_FRONT_TO_SIDE,MESA,2012-05-15 16:20:00,OTHER_97,OTHER_97
2623414,2,ANGLE_FRONT_TO_SIDE,-111.837478095179,33.3061697966356,2,FOUR_WAY_INTERSECTION,ANGLE_FRONT_TO_SIDE,CHANDLER,2012-03-21 14:48:00,INATTENTION_DISTRACTION,NOT_APPLICABLE_MINUS_1+NO_IMPROPER_ACTION
2623420,2,ANGLE_FRONT_TO_SIDE,-111.779132036609,33.4299585264824,1,UNKNOWN_99,ANGLE_FRONT_TO_SIDE,MESA,2012-05-09 08:54:00,DROVE_RODE_IN_OPPOSING_TRAFFIC_LANE,NO_IMPROPER_ACTION
2623422,2,LEFT_TURN,-111.951057908183,33.3053136294655,4,FOUR_WAY_INTERSECTION,LEFT_TURN,CHANDLER,2012-03-07 19:20:00,KNOWINGLY_OPERATED_WITH_FAULTY_MISSING_EQUIPMENT,MADE_IMPROPER_TURN
2623426,2,LEFT_TURN,-111.873616998214,33.3205813073546,3,T_INTERSECTION,LEFT_TURN,CHANDLER,2012-03-06 11:01:00,NO_IMPROPER_ACTION,OTHER_97
2623526,2,ANGLE_FRONT_TO_SIDE,-111.875100915696,33.3675225235832,1,UNKNOWN_99,ANGLE_FRONT_TO_SIDE,MESA,2012-05-20 12:39:00,DROVE_RODE_IN_OPPOSING_TRAFFIC_LANE,UNKNOWN_99
2623545,2,ANGLE_FRONT_TO_SIDE,-111.706524325768,33.2119736598476,3,NOT_AT_INTERSECTION_0,ANGLE_FRONT_TO_SIDE,UNSPECIFIED_999,2012-04-19 08:50:00,DROVE_RODE_IN_OPPOSING_TRAFFIC_LANE,NOT_APPLICABLE_MINUS_1+NO_IMPROPER_ACTION
2623559,2,ANGLE_FRONT_TO_SIDE,-111.859100972209,33.3060306458665,3,FOUR_WAY_INTERSECTION,ANGLE_FRONT_TO_SIDE,CHANDLER,2012-03-24 16:57:00,NO_IMPROPER_ACTION,OTHER_UNSAFE_PASSING
2623579,2,ANGLE_FRONT_TO_SIDE,-111.859100621421,33.3314647553393,1,T_INTERSECTION,ANGLE_FRONT_TO_SIDE,CHANDLER,2012-03-08 08:12:00,NO_IMPROPER_ACTION,INATTENTION_DISTRACTION
2623604,2,OTHER_97,0,0,2,UNKNOWN_99,OTHER_97,CHANDLER,2012-03-09 17:01:00,UNKNOWN_99,NO_IMPROPER_ACTION
2623621,2,ANGLE_FRONT_TO_SIDE,-111.918708292731,33.3200747829699,1,T_INTERSECTION,ANGLE_FRONT_TO_SIDE,CHANDLER,2012-03-22 14:06:00,DROVE_RODE_IN_OPPOSING_TRAFFIC_LANE,NO_IMPROPER_ACTION
2623671,2,ANGLE_FRONT_TO_SIDE,-111.859010814837,33.2987884325385,3,FOUR_WAY_INTERSECTION,ANGLE_FRONT_TO_SIDE,CHANDLER,2012-03-15 05:58:00,UNKNOWN_99,UNKNOWN_99
2623752,2,HEAD_ON,-111.814076751673,33.4354972890712,4,UNKNOWN_99,HEAD_ON,MESA,2012-05-18 19:09:00,DROVE_RODE_IN_OPPOSING_TRAFFIC_LANE,NO_IMPROPER_ACTION
2623831,2,ANGLE_FRONT_TO_SIDE,-111.584271098509,33.5496465260999,4,NOT_AT_INTERSECTION_0,ANGLE_FRONT_TO_SIDE,UNSPECIFIED_999,2012-05-14 06:24:00,INATTENTION_DISTRACTION,UNKNOWN_99
2623837,2,OTHER_97,-110.813066845287,32.2355621951206,3,T_INTERSECTION,OTHER_97,TUCSON,2012-02-02 07:37:00,OTHER_97,NO_IMPROPER_ACTION
2623850,2,OTHER_97,-110.926727509122,32.2318720912451,3,FOUR_WAY_INTERSECTION,OTHER_97,TUCSON,2012-02-03 08:52:00,NO_IMPROPER_ACTION,DISREGARDED_TRAFFIC_SIGNAL+NOT_APPLICABLE_MINUS_1
2623872,2,OTHER_97,-110.931024924369,32.2576668806215,3,FOUR_WAY_INTERSECTION,OTHER_97,TUCSON,2012-02-07 16:07:00,NO_IMPROPER_ACTION,FAILED_TO_YIELD_RIGHT_OF_WAY_103
2623873,2,ANGLE_FRONT_TO_SIDE,-112.111756233094,33.5241649675577,3,NOT_REPORTED_255,ANGLE_FRONT_TO_SIDE,PHOENIX,2012-05-04 14:11:00,FAILED_TO_YIELD_RIGHT_OF_WAY_103,NO_IMPROPER_ACTION
2623903,2,OTHER_97,-110.909616202626,32.2316434372494,1,FOUR_WAY_INTERSECTION,OTHER_97,TUCSON,2012-02-09 16:03:00,NO_IMPROPER_ACTION,NOT_APPLICABLE_MINUS_1+DISREGARDED_TRAFFIC_SIGNAL
2623923,2,OTHER_97,-110.943938958206,32.2360683944431,2,FOUR_WAY_INTERSECTION,OTHER_97,TUCSON,2012-02-09 20:56:00,OTHER_97,INATTENTION_DISTRACTION
2623933,2,OTHER_97,-110.926727509122,32.2318720912451,3,FOUR_WAY_INTERSECTION,OTHER_97,TUCSON,2012-02-09 19:31:00,NO_IMPROPER_ACTION,DISREGARDED_TRAFFIC_SIGNAL
2624145,2,OTHER_97,-112.073753692252,33.5094027180278,3,FOUR_WAY_INTERSECTION,OTHER_97,PHOENIX,2012-05-03 19:20:00,OTHER_97,NO_IMPROPER_ACTION
2624153,2,OTHER_97,-110.910036952832,32.2506120618845,3,UNKNOWN_99,OTHER_97,TUCSON,2012-02-15 17:09:00,OTHER_97,NO_IMPROPER_ACTION
2624186,2,OTHER_97,-110.828970788367,32.1919075564582,4,FOUR_WAY_INTERSECTION,OTHER_97,TUCSON,2012-02-16 17:37:00,OTHER_97,INATTENTION_DISTRACTION
2624189,2,OTHER_97,-110.951627121934,32.2167156267727,3,T_INTERSECTION,OTHER_97,TUCSON,2012-02-16 09:51:00,NO_IMPROPER_ACTION,FAILED_TO_YIELD_RIGHT_OF_WAY_103
2624198,2,OTHER_97,-110.841012216512,32.2327823305018,2,T_INTERSECTION,OTHER_97,TUCSON,2012-02-16 12:08:00,DROVE_RODE_IN_OPPOSING_TRAFFIC_LANE,NO_IMPROPER_ACTION
2624262,2,OTHER_97,-110.943923007418,32.2539408615744,3,T_INTERSECTION,OTHER_97,TUCSON,2012-02-20 13:04:00,NO_IMPROPER_ACTION,INATTENTION_DISTRACTION
2624301,2,OTHER_97,-110.94510384277,32.24226918624,3,UNKNOWN_99,OTHER_97,TUCSON,2012-02-22 11:54:00,NO_IMPROPER_ACTION,OTHER_97
2624307,2,OTHER_97,-110.814541686863,32.1918623365074,1,T_INTERSECTION,OTHER_97,TUCSON,2012-02-22 11:55:00,OTHER_97,UNKNOWN_99
2624321,2,OTHER_97,-110.828957031554,32.1919075364258,3,FOUR_WAY_INTERSECTION,OTHER_97,TUCSON,2012-02-23 05:02:00,NO_IMPROPER_ACTION,FAILED_TO_KEEP_IN_PROPER_LANE
2624335,2,OTHER_97,-110.943430581858,32.1513942141487,3,T_INTERSECTION,OTHER_97,TUCSON,2012-02-24 19:24:00,UNKNOWN_99,UNKNOWN_99
2624347,2,ANGLE_FRONT_TO_SIDE,-111.788020118361,33.4301458428417,1,UNKNOWN_99,ANGLE_FRONT_TO_SIDE,MESA,2012-05-09 08:47:00,DROVE_RODE_IN_OPPOSING_TRAFFIC_LANE,OTHER_97
2624365,2,ANGLE_FRONT_TO_SIDE,-111.707094827,33.4370907455861,2,UNKNOWN_99,ANGLE_FRONT_TO_SIDE,MESA,2012-05-10 15:13:00,DROVE_RODE_IN_OPPOSING_TRAFFIC_LANE,NOT_APPLICABLE_MINUS_1+NOT_APPLICABLE_MINUS_1+NO_IMPROPER_ACTION
2624385,2,ANGLE_FRONT_TO_SIDE,-112.341132150958,33.6090761876671,2,T_INTERSECTION,ANGLE_FRONT_TO_SIDE,EL MIRAGE,2012-05-31 11:50:00,FAILED_TO_YIELD_RIGHT_OF_WAY_103,NO_IMPROPER_ACTION+NOT_APPLICABLE_MINUS_1
2624418,3,OTHER_97,-110.909663829861,32.243449638703,3,FOUR_WAY_INTERSECTION,OTHER_97,TUCSON,2012-02-27 09:40:00,NO_IMPROPER_ACTION,NOT_APPLICABLE_MINUS_1+NO_IMPROPER_ACTION+FAILED_TO_YIELD_RIGHT_OF_WAY_103
2624501,2,OTHER_97,-111.878529722894,33.61519243565,2,FOUR_WAY_INTERSECTION,OTHER_97,SCOTTSDALE,2012-01-28 11:55:00,OTHER_97,OTHER_97
2624543,2,OTHER_97,-110.892531436965,32.2578801727297,3,FOUR_WAY_INTERSECTION,OTHER_97,TUCSON,2012-02-29 08:38:00,NO_IMPROPER_ACTION,FAILED_TO_YIELD_RIGHT_OF_WAY_103
2624589,2,OTHER_97,-110.943453643491,32.1688424292747,3,NOT_REPORTED_255,OTHER_97,TUCSON,2012-04-23 14:22:00,NO_IMPROPER_ACTION,FAILED_TO_YIELD_RIGHT_OF_WAY_103
2624595,2,ANGLE_FRONT_TO_SIDE,-111.720537293591,33.266325213318,1,FOUR_WAY_INTERSECTION,ANGLE_FRONT_TO_SIDE,GILBERT,2012-05-24 18:22:00,OTHER_97,INATTENTION_DISTRACTION
2624738,2,ANGLE_FRONT_TO_SIDE,-112.315927021811,33.5944256983315,3,T_INTERSECTION,ANGLE_FRONT_TO_SIDE,EL MIRAGE,2012-06-04 13:05:00,NO_IMPROPER_ACTION,MADE_IMPROPER_TURN
2624761,2,OTHER_97,-110.961623275232,32.1413100609082,3,FOUR_WAY_INTERSECTION,OTHER_97,TUCSON,2012-04-07 19:59:00,FAILED_TO_YIELD_RIGHT_OF_WAY_103,NO_IMPROPER_ACTION
2624775,2,OTHER_97,-111.9262785329,33.4060485135517,3,NOT_REPORTED_255,OTHER_97,TEMPE,2012-05-28 20:11:00,NO_IMPROPER_ACTION,INATTENTION_DISTRACTION
2624824,2,ANGLE_FRONT_TO_SIDE,-111.640440212197,35.1922250524966,3,T_INTERSECTION,ANGLE_FRONT_TO_SIDE,FLAGSTAFF,2012-06-13 17:40:00,NO_IMPROPER_ACTION,FAILED_TO_YIELD_RIGHT_OF_WAY_103
2624846,2,OTHER_97,-112.112617952,33.4949903685847,2,FOUR_WAY_INTERSECTION,OTHER_97,PHOENIX,2012-05-12 15:03:00,DISREGARDED_TRAFFIC_SIGNAL,EXCEEDED_LAWFUL_SPEED
2624918,2,ANGLE_FRONT_TO_SIDE,-112.152558085965,33.5819181734224,2,UNKNOWN_99,ANGLE_FRONT_TO_SIDE,GLENDALE,2012-03-24 13:00:00,NO_IMPROPER_ACTION,FAILED_TO_YIELD_RIGHT_OF_WAY_103
2624936,2,REAR_END,-111.60165852899,33.3783696241033,3,UNKNOWN_99,REAR_END,MESA,2012-05-29 12:44:00,NO_IMPROPER_ACTION,INATTENTION_DISTRACTION
2624961,2,ANGLE_FRONT_TO_SIDE,-111.77112117131,33.4088358842472,2,NOT_AT_INTERSECTION_0,ANGLE_FRONT_TO_SIDE,MESA,2012-05-29 17:23:00,NO_IMPROPER_ACTION,OTHER_97
2624981,2,ANGLE_FRONT_TO_SIDE,-111.794026394848,33.29190013153,2,NOT_REPORTED_255,ANGLE_FRONT_TO_SIDE,CHANDLER,2012-03-26 15:30:00,NO_IMPROPER_ACTION,NOT_APPLICABLE_MINUS_1+MADE_IMPROPER_TURN
2625109,2,ANGLE_FRONT_TO_SIDE,-111.928110258401,33.4705499463856,2,FOUR_WAY_INTERSECTION,ANGLE_FRONT_TO_SIDE,SCOTTSDALE,2012-03-02 18:24:00,NO_IMPROPER_ACTION,INATTENTION_DISTRACTION+NOT_APPLICABLE_MINUS_1+NOT_APPLICABLE_MINUS_1+NOT_APPLICABLE_MINUS_1+NOT_APPLICABLE_MINUS_1+NOT_APPLICABLE_MINUS_1+NOT_APPLICABLE_MINUS_1+NOT_APPLICABLE_MINUS_1
2625153,2,ANGLE_FRONT_TO_SIDE,-111.921793575425,33.4912839639081,3,FOUR_WAY_INTERSECTION,ANGLE_FRONT_TO_SIDE,SCOTTSDALE,2012-04-14 10:03:00,DROVE_RODE_IN_OPPOSING_TRAFFIC_LANE,INATTENTION_DISTRACTION
2625387,2,ANGLE_FRONT_TO_SIDE,-110.91430736334,32.2696998282771,3,NOT_REPORTED_255,ANGLE_FRONT_TO_SIDE,UNSPECIFIED_999,2012-06-01 08:41:00,DROVE_RODE_IN_OPPOSING_TRAFFIC_LANE,NO_IMPROPER_ACTION
2625436,2,ANGLE_FRONT_TO_SIDE,-112.186658183815,33.6829240024046,3,FOUR_WAY_INTERSECTION,ANGLE_FRONT_TO_SIDE,GLENDALE,2012-04-10 16:03:00,NO_IMPROPER_ACTION,OTHER_97+NOT_APPLICABLE_MINUS_1
2625449,2,OTHER_97,-112.211677056255,33.5367280357412,2,FOUR_WAY_INTERSECTION,OTHER_97,GLENDALE,2012-04-18 15:54:00,NO_IMPROPER_ACTION,NOT_APPLICABLE_MINUS_1+INATTENTION_DISTRACTION
2625545,2,ANGLE_FRONT_TO_SIDE,-112.185775732347,33.6170384947161,1,T_INTERSECTION,ANGLE_FRONT_TO_SIDE,GLENDALE,2012-04-15 15:50:00,WALKED_ON_WRONG_SIDE_OF_ROAD,NO_IMPROPER_ACTION
2625614,2,ANGLE_FRONT_TO_SIDE,-111.841134961603,33.3097889623919,3,FOUR_WAY_INTERSECTION,ANGLE_FRONT_TO_SIDE,CHANDLER,2012-04-03 16:11:00,UNKNOWN_99,UNKNOWN_99
2625627,2,SIDESWIPE_SAME_DIRECTION,-112.237655604596,33.5340915351335,2,FOUR_WAY_INTERSECTION,SIDESWIPE_SAME_DIRECTION,GLENDALE,2012-04-05 18:04:00,FAILED_TO_YIELD_RIGHT_OF_WAY_103,NO_IMPROPER_ACTION
2625638,2,ANGLE_FRONT_TO_SIDE,-112.17870807574,33.5458090309779,1,T_INTERSECTION,ANGLE_FRONT_TO_SIDE,GLENDALE,2012-04-03 15:55:00,DROVE_RODE_IN_OPPOSING_TRAFFIC_LANE,NO_IMPROPER_ACTION