IncidentID,num_vehicles_involved,eCollisionManner,Longitude,Latitude,InjurySeverity,eIntersectionType,eCollisionManner,city_name,IncidentDateTime,cyclist_citations,driver_citations
2630894,2,LEFT_TURN,-111.942061138524,33.421928956849,3,FOUR_WAY_INTERSECTION,LEFT_TURN,TEMPE,2012-04-27 19:00:00,DROVE_RODE_IN_OPPOSING_TRAFFIC_LANE,NO_IMPROPER_ACTION
2630908,2,ANGLE_FRONT_TO_SIDE,-112.111752546938,33.5240916040675,2,FOUR_WAY_INTERSECTION,ANGLE_FRONT_TO_SIDE,PHOENIX,2012-06-15 15:43:00,OTHER_97,NO_IMPROPER_ACTION
2630914,2,SIDESWIPE_SAME_DIRECTION,-111.989010063604,33.3010949515706,3,UNKNOWN_99,SIDESWIPE_SAME_DIRECTION,PHOENIX,2012-06-15 12:15:00,INATTENTION_DISTRACTION,NO_IMPROPER_ACTION
2630933,2,ANGLE_FRONT_TO_SIDE,-112.117199536175,33.422477071335,1,FOUR_WAY_INTERSECTION,ANGLE_FRONT_TO_SIDE,PHOENIX,2012-06-11 12:56:00,OTHER_97,NO_IMPROPER_ACTION+NOT_APPLICABLE_MINUS_1
2630941,2,ANGLE_FRONT_TO_SIDE,-111.928459117331,33.3673853946279,2,FOUR_WAY_INTERSECTION,ANGLE_FRONT_TO_SIDE,TEMPE,2012-04-17 07:55:00,OTHER_97,NO_IMPROPER_ACTION
2631002,2,ANGLE_FRONT_TO_SIDE,-111.939401568671,33.3906950974767,3,T_INTERSECTION,ANGLE_FRONT_TO_SIDE,TEMPE,2012-04-19 15:47:00,DROVE_RODE_IN_OPPOSING_TRAFFIC_LANE,NO_IMPROPER_ACTION
2631009,2,ANGLE_FRONT_TO_SIDE,-112.12557525471,33.5022827409259,4,UNKNOWN_99,ANGLE_FRONT_TO_SIDE,PHOENIX,2012-06-06 11:29:00,FAILED_TO_YIELD_RIGHT_OF_WAY_103,NO_IMPROPER_ACTION+NOT_APPLICABLE_MINUS_1+NOT_APPLICABLE_MINUS_1+NOT_APPLICABLE_MINUS_1+NOT_APPLICABLE_MINUS_1+NOT_APPLICABLE_MINUS_1
2631014,2,ANGLE_FRONT_TO_SIDE,-112.213498521722,33.4802507442588,3,FOUR_WAY_INTERSECTION,ANGLE_FRONT_TO_SIDE,PHOENIX,2012-05-31 09:19:00,DROVE_RODE_IN_OPPOSING_TRAFFIC_LANE,NO_IMPROPER_ACTION
2631025,2,ANGLE_FRONT_TO_SIDE,-112.047656948462,33.4874303382717,1,FOUR_WAY_INTERSECTION,ANGLE_FRONT_TO_SIDE,PHOENIX,2012-01-24 08:00:00,NO_IMPROPER_ACTION,UNKNOWN_99
2631136,4,REAR_END,-111.640184964955,33.4659573037711,4,T_INTERSECTION,REAR_END,UNSPECIFIED_999,2012-04-07 08:12:00,NO_IMPROPER_ACTION+NO_IMPROPER_ACTION+NO_IMPROPER_ACTION,FAILED_TO_KEEP_IN_PROPER_LANE
2631141,2,ANGLE_FRONT_TO_SIDE,-111.888494972986,33.4075187189996,3,UNKNOWN_99,ANGLE_FRONT_TO_SIDE,TEMPE,2012-05-02 08:35:00,OTHER_97,NO_IMPROPER_ACTION
2631158,2,ANGLE_FRONT_TO_SIDE,-111.909112857323,33.4069468164646,2,UNKNOWN_99,ANGLE_FRONT_TO_SIDE,TEMPE,2012-05-03 12:20:00,OTHER_97,NO_IMPROPER_ACTION
2631249,2,ANGLE_FRONT_TO_SIDE,-111.820483226903,33.4077865062701,3,FOUR_WAY_INTERSECTION,ANGLE_FRONT_TO_SIDE,MESA,2012-07-13 19:45:00,UNKNOWN_99,NO_IMPROPER_ACTION+NOT_APPLICABLE_MINUS_1+NOT_APPLICABLE_MINUS_1+NOT_APPLICABLE_MINUS_1
2631271,2,ANGLE_FRONT_TO_SIDE,-111.859711937631,33.3798285270951,3,FOUR_WAY_INTERSECTION,ANGLE_FRONT_TO_SIDE,MESA,2012-07-13 12:29:00,OTHER_97,NO_IMPROPER_ACTION
2631273,2,ANGLE_FRONT_TO_SIDE,-111.645517949518,35.1974473585303,2,FOUR_WAY_INTERSECTION,ANGLE_FRONT_TO_SIDE,FLAGSTAFF,2012-07-03 20:34:00,RAN_STOP_SIGN,NO_IMPROPER_ACTION+NOT_APPLICABLE_MINUS_1
2631284,2,ANGLE_FRONT_TO_SIDE,-111.73555048043,33.4372665145244,3,UNKNOWN_99,ANGLE_FRONT_TO_SIDE,MESA,2012-07-12 20:53:00,DROVE_RODE_IN_OPPOSING_TRAFFIC_LANE,NO_IMPROPER_ACTION
2631558,2,ANGLE_FRONT_TO_SIDE,-111.614667269848,35.2076667979638,1,FOUR_WAY_INTERSECTION,ANGLE_FRONT_TO_SIDE,FLAGSTAFF,2012-07-20 18:50:00,MADE_IMPROPER_TURN,NO_IMPROPER_ACTION
2631593,2,ANGLE_FRONT_TO_SIDE,-112.012912442154,33.4731101915535,3,FOUR_WAY_INTERSECTION,ANGLE_FRONT_TO_SIDE,PHOENIX,2012-06-13 22:00:00,NO_IMPROPER_ACTION,UNKNOWN_99
2631606,2,ANGLE_FRONT_TO_SIDE,-111.840059648813,33.393329768029,3,FOUR_WAY_INTERSECTION,ANGLE_FRONT_TO_SIDE,MESA,2012-07-19 07:14:00,NO_IMPROPER_ACTION,MADE_IMPROPER_TURN
2631609,2,ANGLE_FRONT_TO_SIDE,-111.745595151354,33.4154673332559,2,FOUR_WAY_INTERSECTION,ANGLE_FRONT_TO_SIDE,MESA,2012-07-19 07:47:00,KNOWINGLY_OPERATED_WITH_FAULTY_MISSING_EQUIPMENT,NO_IMPROPER_ACTION
2631611,2,ANGLE_FRONT_TO_SIDE,-111.739981302994,32.8938522156484,1,FOUR_WAY_INTERSECTION,ANGLE_FRONT_TO_SIDE,CASA GRANDE,2012-07-03 17:51:00,DROVE_RODE_IN_OPPOSING_TRAFFIC_LANE,NO_IMPROPER_ACTION
2631614,2,ANGLE_FRONT_TO_SIDE,-112.004206065922,33.4812598248307,1,UNKNOWN_99,ANGLE_FRONT_TO_SIDE,PHOENIX,2012-06-14 17:30:00,NO_IMPROPER_ACTION,INATTENTION_DISTRACTION
2631622,2,ANGLE_FRONT_TO_SIDE,-111.822872873064,33.4223713531999,2,FOUR_WAY_INTERSECTION,ANGLE_FRONT_TO_SIDE,MESA,2012-07-16 18:49:00,DISREGARDED_TRAFFIC_SIGNAL,INATTENTION_DISTRACTION
2631644,2,REAR_END,-112.065353979958,33.4421693344316,3,FOUR_WAY_INTERSECTION,REAR_END,PHOENIX,2012-06-16 09:54:00,NO_IMPROPER_ACTION,SPEED_TOO_FAST_FOR_CONDITIONS
2631649,2,ANGLE_FRONT_TO_SIDE,-111.893473859077,33.3638854463153,3,FOUR_WAY_INTERSECTION,ANGLE_FRONT_TO_SIDE,TEMPE,2012-07-19 14:20:00,UNKNOWN_99,UNKNOWN_99
2631673,2,ANGLE_FRONT_TO_SIDE,-111.874584184402,33.3995057149648,3,UNKNOWN_99,ANGLE_FRONT_TO_SIDE,MESA,2012-07-21 05:57:00,DROVE_RODE_IN_OPPOSING_TRAFFIC_LANE,NO_IMPROPER_ACTION
2631676,2,HEAD_ON,-111.874369873937,33.4226817723854,3,UNKNOWN_99,HEAD_ON,MESA,2012-07-21 12:09:00,INATTENTION_DISTRACTION,NOT_APPLICABLE_MINUS_1+INATTENTION_DISTRACTION
2631693,2,ANGLE_FRONT_TO_SIDE,-111.832912721398,33.4349548449525,3,UNKNOWN_99,ANGLE_FRONT_TO_SIDE,MESA,2012-07-15 14:53:00,UNKNOWN_99,NO_IMPROPER_ACTION
2631714,2,ANGLE_FRONT_TO_SIDE,-112.083259767109,33.4889112336019,2,UNKNOWN_99,ANGLE_FRONT_TO_SIDE,PHOENIX,2012-05-09 13:45:00,OTHER_97,NO_IMPROPER_ACTION
2631789,2,ANGLE_FRONT_TO_SIDE,-112.14290985581,33.5467831160939,3,T_INTERSECTION,ANGLE_FRONT_TO_SIDE,PHOENIX,2012-05-02 13:56:00,OTHER_97,NO_IMPROPER_ACTION+NOT_APPLICABLE_MINUS_1
2631803,2,OTHER_97,-112.151296306888,33.6251349143249,3,NOT_AT_INTERSECTION_0,OTHER_97,PHOENIX,2012-06-18 07:21:00,OTHER_97,NOT_APPLICABLE_MINUS_1+INATTENTION_DISTRACTION+NOT_APPLICABLE_MINUS_1
2631806,2,HEAD_ON,-112.040168298317,33.6076532862729,3,T_INTERSECTION,HEAD_ON,PHOENIX,2012-05-14 14:44:00,INATTENTION_DISTRACTION,NO_IMPROPER_ACTION
2631834,2,ANGLE_FRONT_TO_SIDE,-112.073659603669,33.5310410460592,2,FOUR_WAY_INTERSECTION,ANGLE_FRONT_TO_SIDE,PHOENIX,2012-05-16 18:15:00,DROVE_RODE_IN_OPPOSING_TRAFFIC_LANE,NO_IMPROPER_ACTION
2631851,2,UNKNOWN_99,-111.972124120855,33.4655780926192,2,UNKNOWN_99,UNKNOWN_99,PHOENIX,2012-06-04 12:16:00,NO_IMPROPER_ACTION,FAILED_TO_YIELD_RIGHT_OF_WAY_103
2631958,2,OTHER_97,-111.663054700784,35.178988532156,3,FOUR_WAY_INTERSECTION,OTHER_97,FLAGSTAFF,2012-07-04 13:01:00,DISREGARDED_TRAFFIC_SIGNAL,NO_IMPROPER_ACTION+NOT_APPLICABLE_MINUS_1
2631997,2,ANGLE_FRONT_TO_SIDE,-112.203085898125,33.500268711557,3,T_INTERSECTION,ANGLE_FRONT_TO_SIDE,PHOENIX,2012-05-17 13:30:00,DROVE_RODE_IN_OPPOSING_TRAFFIC_LANE,INATTENTION_DISTRACTION
2632104,2,OTHER_97,-112.073773161966,33.4367089394772,1,FOUR_WAY_INTERSECTION,OTHER_97,PHOENIX,2012-06-13 10:40:00,DISREGARDED_TRAFFIC_SIGNAL,NO_IMPROPER_ACTION+NOT_APPLICABLE_MINUS_1
2632139,2,ANGLE_FRONT_TO_SIDE,-111.964681298189,33.6406159814547,3,FOUR_WAY_INTERSECTION,ANGLE_FRONT_TO_SIDE,PHOENIX,2012-06-22 16:37:00,FAILED_TO_YIELD_RIGHT_OF_WAY_103,NO_IMPROPER_ACTION+NOT_APPLICABLE_MINUS_1
2632140,2,ANGLE_FRONT_TO_SIDE,-112.108724529646,33.4422977106839,2,UNKNOWN_99,ANGLE_FRONT_TO_SIDE,PHOENIX,2012-06-14 17:03:00,DROVE_RODE_IN_OPPOSING_TRAFFIC_LANE,NO_IMPROPER_ACTION
2632200,2,ANGLE_FRONT_TO_SIDE,-112.238227630654,33.4554221529684,3,FOUR_WAY_INTERSECTION,ANGLE_FRONT_TO_SIDE,TOLLESON,2012-07-19 10:25:00,DROVE_RODE_IN_OPPOSING_TRAFFIC_LANE,NO_IMPROPER_ACTION
2632203,2,ANGLE_FRONT_TO_SIDE,-112.134131364586,33.5570821786706,2,FOUR_WAY_INTERSECTION,ANGLE_FRONT_TO_SIDE,PHOENIX,2012-06-14 17:56:00,INATTENTION_DISTRACTION,INATTENTION_DISTRACTION
2632476,2,OTHER_97,-111.635584349302,33.3356702395739,2,T_INTERSECTION,OTHER_97,UNSPECIFIED_999,2012-05-24 06:55:00,NO_IMPROPER_ACTION,INATTENTION_DISTRACTION
2632485,2,ANGLE_FRONT_TO_SIDE,-112.168996018231,33.4949746975257,3,UNKNOWN_99,ANGLE_FRONT_TO_SIDE,PHOENIX,2012-05-24 20:11:00,INATTENTION_DISTRACTION,INATTENTION_DISTRACTION
2632770,2,ANGLE_FRONT_TO_SIDE,0,0,2,UNKNOWN_99,ANGLE_FRONT_TO_SIDE,EL MIRAGE,2012-06-20 14:43:00,DROVE_RODE_IN_OPPOSING_TRAFFIC_LANE,NO_IMPROPER_ACTION
2632808,2,ANGLE_FRONT_TO_SIDE,-111.613471835212,35.2122555846294,3,T_INTERSECTION,ANGLE_FRONT_TO_SIDE,FLAGSTAFF,2012-07-10 17:48:00,DROVE_RODE_IN_OPPOSING_TRAFFIC_LANE,NO_IMPROPER_ACTION
2633023,2,ANGLE_FRONT_TO_SIDE,-111.631304149397,33.4078430558645,3,UNKNOWN_99,ANGLE_FRONT_TO_SIDE,UNSPECIFIED_999,2012-06-02 11:01:00,DID_NOT_USE_CROSSWALK,NO_IMPROPER_ACTION
2633029,2,ANGLE_FRONT_TO_SIDE,-112.467360336302,34.5419126737613,3,FOUR_WAY_INTERSECTION,ANGLE_FRONT_TO_SIDE,PRESCOTT,2012-07-24 08:36:00,OTHER_97,NO_IMPROPER_ACTION
2633086,2,ANGLE_FRONT_TO_SIDE,-111.93056939038,33.4803134366765,2,T_INTERSECTION,ANGLE_FRONT_TO_SIDE,SCOTTSDALE,2012-07-03 16:13:00,NO_IMPROPER_ACTION,NOT_APPLICABLE_MINUS_1+DISREGARDED_TRAFFIC_SIGNAL
2633192,2,ANGLE_FRONT_TO_SIDE,-111.933124416215,33.4802894916729,1,UNKNOWN_99,ANGLE_FRONT_TO_SIDE,SCOTTSDALE,2012-01-19 19:36:00,KNOWINGLY_OPERATED_WITH_FAULTY_MISSING_EQUIPMENT,NOT_APPLICABLE_MINUS_1+NO_IMPROPER_ACTION
2633203,2,ANGLE_FRONT_TO_SIDE,-111.925789140675,33.6112520453081,3,FOUR_WAY_INTERSECTION,ANGLE_FRONT_TO_SIDE,SCOTTSDALE,2012-01-31 10:08:00,NO_IMPROPER_ACTION,OTHER_97
2633313,2,OTHER_97,-111.890222205214,33.4293096199824,2,FOUR_WAY_INTERSECTION,OTHER_97,TEMPE,2012-06-11 16:30:00,DISREGARDED_TRAFFIC_SIGNAL,NOT_APPLICABLE_MINUS_1+INATTENTION_DISTRACTION
2633371,2,OTHER_97,-111.878350685563,33.6115648304238,1,FOUR_WAY_INTERSECTION,OTHER_97,SCOTTSDALE,2012-02-05 13:31:00,DISREGARDED_TRAFFIC_SIGNAL,NOT_APPLICABLE_MINUS_1+NO_IMPROPER_ACTION
2633484,2,OTHER_97,-110.980654995594,32.2207531910301,2,NOT_REPORTED_255,OTHER_97,TUCSON,2012-05-31 16:40:00,MADE_IMPROPER_TURN,NO_IMPROPER_ACTION
2633512,2,ANGLE_FRONT_TO_SIDE,-112.268258749889,33.5659137108901,4,T_INTERSECTION,ANGLE_FRONT_TO_SIDE,PEORIA,2012-07-16 14:40:00,DID_NOT_USE_CROSSWALK,NO_IMPROPER_ACTION
2633514,2,OTHER_97,-112.239484404517,33.6461539108302,2,T_INTERSECTION,OTHER_97,PEORIA,2012-07-09 11:33:00,NO_IMPROPER_ACTION,UNKNOWN_99
2633547,2,ANGLE_FRONT_TO_SIDE,-110.978558638195,32.2210579289871,2,T_INTERSECTION,ANGLE_FRONT_TO_SIDE,TUCSON,2012-05-01 12:54:00,NO_IMPROPER_ACTION,FAILED_TO_YIELD_RIGHT_OF_WAY_103
2633552,2,ANGLE_FRONT_TO_SIDE,-112.203257601411,33.7180654257611,3,FOUR_WAY_INTERSECTION,ANGLE_FRONT_TO_SIDE,PEORIA,2012-07-09 12:25:00,INATTENTION_DISTRACTION,NO_IMPROPER_ACTION
2633577,2,OTHER_97,-110.971722841573,32.2263836710451,2,FOUR_WAY_INTERSECTION,OTHER_97,TUCSON,2012-05-25 22:34:00,UNKNOWN_99,UNKNOWN_99
2633582,2,OTHER_97,-110.926649746964,32.2253239687842,4,NOT_REPORTED_255,OTHER_97,TUCSON,2012-05-02 09:57:00,FAILED_TO_YIELD_RIGHT_OF_WAY_103,NO_IMPROPER_ACTION
2633606,2,OTHER_97,-110.952386202352,32.27586072847,4,FOUR_WAY_INTERSECTION,OTHER_97,TUCSON,2012-05-04 07:23:00,NO_IMPROPER_ACTION,INATTENTION_DISTRACTION
2633622,2,OTHER_97,-110.823818318627,32.2226290227722,3,UNKNOWN_99,OTHER_97,TUCSON,2012-05-06 20:17:00,OTHER_97,NO_IMPROPER_ACTION
2633624,2,OTHER_97,-110.939417424562,32.2123837272,2,FOUR_WAY_INTERSECTION,OTHER_97,TUCSON,2012-05-06 13:55:00,NO_IMPROPER_ACTION,UNKNOWN_99+NOT_APPLICABLE_MINUS_1
2633654,2,OTHER_97,-110.924174781563,32.2504198074775,3,UNKNOWN_99,OTHER_97,TUCSON,2012-05-21 08:38:00,FAILED_TO_YIELD_RIGHT_OF_WAY_103,NO_IMPROPER_ACTION
2633701,2,SIDESWIPE_SAME_DIRECTION,-111.817352527668,33.741379118829,3,T_INTERSECTION,SIDESWIPE_SAME_DIRECTION,SCOTTSDALE,2012-07-08 04:35:00,NO_IMPROPER_ACTION,OTHER_UNSAFE_PASSING
2633706,2,OTHER_97,-110.875176481614,32.2216173141817,3,FOUR_WAY_INTERSECTION,OTHER_97,TUCSON,2012-05-22 06:16:00,NO_IMPROPER_ACTION,OTHER_97
2633712,2,OTHER_97,-111.958325588612,33.4727695254002,3,T_INTERSECTION,OTHER_97,PHOENIX,2012-07-26 06:45:00,NO_IMPROPER_ACTION,MADE_IMPROPER_TURN
2633731,2,OTHER_97,-110.84098600336,32.2355967523001,3,NOT_REPORTED_255,OTHER_97,TUCSON,2012-05-28 13:30:00,UNKNOWN_99,UNKNOWN_99
2633735,2,OTHER_97,-112.129970542643,33.4949506768981,4,T_INTERSECTION,OTHER_97,PHOENIX,2012-06-19 05:53:00,DISREGARDED_TRAFFIC_SIGNAL,NO_IMPROPER_ACTION
2633864,2,OTHER_97,-110.978047926421,32.2647567208533,2,FOUR_WAY_INTERSECTION,OTHER_97,TUCSON,2012-05-04 14:59:00,OTHER_97,NO_IMPROPER_ACTION
2634033,2,SIDESWIPE_OPPOSITE_DIRECTION,-112.049506628917,33.5237251738621,4,UNKNOWN_99,SIDESWIPE_OPPOSITE_DIRECTION,PHOENIX,2012-06-20 17:48:00,DROVE_RODE_IN_OPPOSING_TRAFFIC_LANE,NO_IMPROPER_ACTION+NOT_APPLICABLE_MINUS_1
2634037,2,OTHER_97,-112.223516067058,33.4974431722443,3,UNKNOWN_99,OTHER_97,PHOENIX,2012-06-20 18:05:00,INATTENTION_DISTRACTION,INATTENTION_DISTRACTION
2634048,2,REAR_END,-111.65528415621,35.1952615907348,1,FIVE_POINT_OR_MORE,REAR_END,FLAGSTAFF,2012-07-07 15:47:00,NO_IMPROPER_ACTION,SPEED_TOO_FAST_FOR_CONDITIONS
2634073,2,ANGLE_FRONT_TO_SIDE,-112.340930378801,33.466126123223,3,T_INTERSECTION,ANGLE_FRONT_TO_SIDE,UNSPECIFIED_999,2012-07-24 15:53:00,NO_IMPROPER_ACTION,UNKNOWN_99
2634090,2,UNKNOWN_99,-112.151440004834,33.5348124959687,2,FOUR_WAY_INTERSECTION,UNKNOWN_99,PHOENIX,2012-06-20 19:10:00,FAILED_TO_YIELD_RIGHT_OF_WAY_103,NO_IMPROPER_ACTION
2634095,2,ANGLE_FRONT_TO_SIDE,-111.982296408143,33.465662832128,2,T_INTERSECTION,ANGLE_FRONT_TO_SIDE,PHOENIX,2012-06-22 09:05:00,DROVE_RODE_IN_OPPOSING_TRAFFIC_LANE,UNKNOWN_99
2634107,2,OTHER_97,-110.979055246212,32.2210061667508,3,NOT_AT_INTERSECTION_0,OTHER_97,TUCSON,2012-05-27 15:52:00,NO_IMPROPER_ACTION,FAILED_TO_KEEP_IN_PROPER_LANE
2634162,2,OTHER_97,-110.943929697438,32.2214559562543,3,FOUR_WAY_INTERSECTION,OTHER_97,TUCSON,2012-05-16 06:50:00,NO_IMPROPER_ACTION,FAILED_TO_YIELD_RIGHT_OF_WAY_103
2634166,2,OTHER_97,-110.952400160253,32.2359848097953,3,FOUR_WAY_INTERSECTION,OTHER_97,TUCSON,2012-05-29 15:47:00,NO_IMPROPER_ACTION,NOT_APPLICABLE_MINUS_1+FAILED_TO_YIELD_RIGHT_OF_WAY_103
2634208,3,OTHER_97,-110.892632417119,32.2434089575364,3,FOUR_WAY_INTERSECTION,OTHER_97,TUCSON,2012-05-20 13:02:00,NO_IMPROPER_ACTION+NO_IMPROPER_ACTION,FAILED_TO_YIELD_RIGHT_OF_WAY_103
2634210,2,OTHER_97,-110.93938345861,32.206934939044,3,INTERSECTION_AS_PART_OF_INTERCHANGE,OTHER_97,TUCSON,2012-05-20 18:45:00,RAN_STOP_SIGN,NO_IMPROPER_ACTION
2634290,2,ANGLE_FRONT_TO_SIDE,-111.462093953856,36.9172982571639,3,T_INTERSECTION,ANGLE_FRONT_TO_SIDE,PAGE,2012-07-30 18:52:00,NO_IMPROPER_ACTION,NOT_APPLICABLE_MINUS_1+FAILED_TO_YIELD_RIGHT_OF_WAY_103
2634505,2,ANGLE_FRONT_TO_SIDE,-112.142272338217,33.6251786091888,4,FOUR_WAY_INTERSECTION,ANGLE_FRONT_TO_SIDE,PHOENIX,2012-06-22 17:37:00,DISREGARDED_TRAFFIC_SIGNAL,NO_IMPROPER_ACTION
2634691,2,OTHER_97,-110.939319842561,32.2069338657258,3,Y_INTERSECTION,OTHER_97,TUCSON,2012-06-17 19:09:00,UNSAFE_LANE_CHANGE,NO_IMPROPER_ACTION+NOT_APPLICABLE_MINUS_1+NOT_APPLICABLE_MINUS_1+NOT_APPLICABLE_MINUS_1
2634693,2,LEFT_TURN,-112.038862578607,33.5090857884115,1,FOUR_WAY_INTERSECTION,LEFT_TURN,PHOENIX,2012-06-02 09:56:00,OTHER_97,NO_IMPROPER_ACTION
2634769,2,ANGLE_FRONT_TO_SIDE,-112.082438079158,33.427124977,2,T_INTERSECTION,ANGLE_FRONT_TO_SIDE,PHOENIX,2012-06-23 17:25:00,DROVE_RODE_IN_OPPOSING_TRAFFIC_LANE,NO_IMPROPER_ACTION
2634805,2,OTHER_97,-110.960988691114,32.264812964072,3,FOUR_WAY_INTERSECTION,OTHER_97,TUCSON,2012-06-16 11:27:00,DISREGARDED_TRAFFIC_SIGNAL,NO_IMPROPER_ACTION
2634827,2,ANGLE_FRONT_TO_SIDE,-111.64659467675,35.197776728026,2,FOUR_WAY_INTERSECTION,ANGLE_FRONT_TO_SIDE,FLAGSTAFF,2012-06-28 11:41:00,FAILED_TO_YIELD_RIGHT_OF_WAY_103,NO_IMPROPER_ACTION
2634835,2,ANGLE_FRONT_TO_SIDE,-111.634354479383,35.1936823759027,3,T_INTERSECTION,ANGLE_FRONT_TO_SIDE,FLAGSTAFF,2012-06-28 14:32:00,DISREGARDED_TRAFFIC_SIGNAL,NO_IMPROPER_ACTION
2634935,2,OTHER_97,-110.917888464994,32.2577918189777,3,NOT_REPORTED_255,OTHER_97,TUCSON,2012-06-19 20:16:00,NO_IMPROPER_ACTION,NOT_APPLICABLE_MINUS_1+FAILED_TO_YIELD_RIGHT_OF_WAY_103
2634939,2,OTHER_97,-110.935285809944,32.2576093465908,3,FOUR_WAY_INTERSECTION,OTHER_97,TUCSON,2012-06-19 13:54:00,OTHER_97,NO_IMPROPER_ACTION+NOT_APPLICABLE_MINUS_1
2634965,2,ANGLE_FRONT_TO_SIDE,-112.042178793667,33.5928630581237,4,NOT_REPORTED_255,ANGLE_FRONT_TO_SIDE,PHOENIX,2012-06-27 12:00:00,DROVE_RODE_IN_OPPOSING_TRAFFIC_LANE,NO_IMPROPER_ACTION
2634971,2,OTHER_97,-110.847397185118,32.2495970362144,2,FOUR_WAY_INTERSECTION,OTHER_97,TUCSON,2012-06-22 14:30:00,DROVE_RODE_IN_OPPOSING_TRAFFIC_LANE,FAILED_TO_YIELD_RIGHT_OF_WAY_103
2634993,2,OTHER_97,-110.99471576722,32.2503888247415,3,UNKNOWN_99,OTHER_97,TUCSON,2012-06-22 00:15:00,NO_IMPROPER_ACTION,FOLLOWED_TOO_CLOSELY
2635053,2,OTHER_97,-110.968407815476,32.2068468959763,3,UNKNOWN_99,OTHER_97,TUCSON,2012-06-30 15:06:00,DID_NOT_USE_CROSSWALK,NO_IMPROPER_ACTION
2635099,2,OTHER_97,-110.857924490995,32.1921367895901,4,FOUR_WAY_INTERSECTION,OTHER_97,TUCSON,2012-06-07 14:03:00,DISREGARDED_TRAFFIC_SIGNAL,NO_IMPROPER_ACTION+NOT_APPLICABLE_MINUS_1
2635138,2,OTHER_97,-112.218785785513,33.4992323060462,3,T_INTERSECTION,OTHER_97,PHOENIX,2012-07-01 10:36:00,MADE_IMPROPER_TURN,NO_IMPROPER_ACTION
2635171,2,ANGLE_FRONT_TO_SIDE,-112.326872477279,33.6117288684403,2,FOUR_WAY_INTERSECTION,ANGLE_FRONT_TO_SIDE,EL MIRAGE,2012-07-21 16:05:00,DROVE_RODE_IN_OPPOSING_TRAFFIC_LANE,NO_IMPROPER_ACTION
2635200,2,OTHER_97,-110.921491175275,32.2361366897337,2,NOT_REPORTED_255,OTHER_97,TUCSON,2012-06-08 17:50:00,OTHER_97,NO_IMPROPER_ACTION
2635214,2,ANGLE_FRONT_TO_SIDE,-112.264259363442,33.4502997553252,1,NOT_REPORTED_255,ANGLE_FRONT_TO_SIDE,TOLLESON,2012-07-24 15:14:00,INATTENTION_DISTRACTION,FAILED_TO_YIELD_RIGHT_OF_WAY_103
2635382,2,OTHER_97,-110.947323386253,32.1928997493256,3,NOT_REPORTED_255,OTHER_97,TUCSON,2012-06-05 15:29:00,NO_IMPROPER_ACTION,OTHER_97
2635389,2,OTHER_97,-110.972107780916,32.27198836758,3,FOUR_WAY_INTERSECTION,OTHER_97,TUCSON,2012-06-05 21:58:00,DISREGARDED_TRAFFIC_SIGNAL,NO_IMPROPER_ACTION
2635438,2,OTHER_97,-110.908531678744,32.1997513195915,3,NOT_REPORTED_255,OTHER_97,TUCSON,2012-06-05 18:51:00,OTHER_97,NO_IMPROPER_ACTION
2635489,2,OTHER_97,-110.97406607559,32.2503043740267,3,T_INTERSECTION,OTHER_97,TUCSON,2012-05-11 17:03:00,NO_IMPROPER_ACTION,FAILED_TO_YIELD_RIGHT_OF_WAY_103
2635553,2,ANGLE_FRONT_TO_SIDE,-112.289881023802,33.4644725598798,4,FOUR_WAY_INTERSECTION,ANGLE_FRONT_TO_SIDE,AVONDALE,2012-07-27 11:46:00,NO_IMPROPER_ACTION,DISREGARDED_TRAFFIC_SIGNAL
2635608,2,OTHER_97,-110.814541686863,32.1918623365074,3,T_INTERSECTION,OTHER_97,TUCSON,2012-06-14 19:30:00,NO_IMPROPER_ACTION,FAILED_TO_YIELD_RIGHT_OF_WAY_103
2635617,2,OTHER_97,-110.82380582598,32.2235908899657,2,UNKNOWN_99,OTHER_97,TUCSON,2012-06-15 13:03:00,NO_IMPROPER_ACTION,FAILED_TO_YIELD_RIGHT_OF_WAY_103
2635720,2,OTHER_97,-111.921845625138,33.4840145215747,2,FOUR_WAY_INTERSECTION,OTHER_97,SCOTTSDALE,2012-06-23 15:44:00,NO_IMPROPER_ACTION,NOT_APPLICABLE_MINUS_1+FAILED_TO_YIELD_RIGHT_OF_WAY_103
2635737,2,ANGLE_FRONT_TO_SIDE,-111.926105634315,33.4993619435933,1,UNKNOWN_99,ANGLE_FRONT_TO_SIDE,SCOTTSDALE,2012-06-23 21:46:00,NO_IMPROPER_ACTION,OTHER_97
2635846,2,OTHER_97,-111.831510284463,33.4078605261409,1,UNKNOWN_99,OTHER_97,MESA,2012-07-28 11:57:00,DROVE_RODE_IN_OPPOSING_TRAFFIC_LANE,OTHER_97