IncidentID,num_vehicles_involved,eCollisionManner,Longitude,Latitude,InjurySeverity,eIntersectionType,eCollisionManner,city_name,IncidentDateTime,cyclist_citations,driver_citations
2635863,2,OTHER_97,-111.788285759799,33.4081120196144,2,FOUR_WAY_INTERSECTION,OTHER_97,MESA,2012-06-20 18:10:00,UNKNOWN_99,FAILED_TO_KEEP_IN_PROPER_LANE
2636054,2,OTHER_97,-111.684311053748,33.4371569173979,1,FOUR_WAY_INTERSECTION,OTHER_97,MESA,2012-07-30 09:04:00,OTHER_97,NO_IMPROPER_ACTION
2636057,2,SIDESWIPE_OPPOSITE_DIRECTION,-111.865078508557,33.416125520444,2,UNKNOWN_99,SIDESWIPE_OPPOSITE_DIRECTION,MESA,2012-08-01 16:11:00,DROVE_RODE_IN_OPPOSING_TRAFFIC_LANE,NO_IMPROPER_ACTION
2636063,2,HEAD_ON,-111.844233492161,33.4077776353772,2,UNKNOWN_99,HEAD_ON,MESA,2012-07-23 19:18:00,DROVE_RODE_IN_OPPOSING_TRAFFIC_LANE,NO_IMPROPER_ACTION
2636120,2,SIDESWIPE_SAME_DIRECTION,0,0,3,NOT_AT_INTERSECTION_0,SIDESWIPE_SAME_DIRECTION,UNSPECIFIED_999,2012-07-22 11:22:00,NO_IMPROPER_ACTION,INATTENTION_DISTRACTION
2636133,2,SIDESWIPE_SAME_DIRECTION,0,0,2,UNKNOWN_99,SIDESWIPE_SAME_DIRECTION,SCOTTSDALE,2012-06-11 05:44:00,NO_IMPROPER_ACTION,FAILED_TO_KEEP_IN_PROPER_LANE
2636140,2,SIDESWIPE_SAME_DIRECTION,-111.896708829195,33.4803774751194,1,UNKNOWN_99,SIDESWIPE_SAME_DIRECTION,SCOTTSDALE,2012-06-14 03:47:00,KNOWINGLY_OPERATED_WITH_FAULTY_MISSING_EQUIPMENT,NO_IMPROPER_ACTION
2636210,2,ANGLE_FRONT_TO_SIDE,-111.684927163781,33.3843680913287,2,UNKNOWN_99,ANGLE_FRONT_TO_SIDE,MESA,2012-07-25 19:16:00,NO_IMPROPER_ACTION,OTHER_97
2636256,2,ANGLE_FRONT_TO_SIDE,-111.940037554922,33.3928556619807,1,UNKNOWN_99,ANGLE_FRONT_TO_SIDE,TEMPE,2012-07-27 19:00:00,DROVE_RODE_IN_OPPOSING_TRAFFIC_LANE,NO_IMPROPER_ACTION
2636277,2,ANGLE_FRONT_TO_SIDE,-112.173192526353,33.5530899194091,2,FOUR_WAY_INTERSECTION,ANGLE_FRONT_TO_SIDE,GLENDALE,2012-06-21 11:49:00,NO_IMPROPER_ACTION,FAILED_TO_YIELD_RIGHT_OF_WAY_103
2636289,2,ANGLE_FRONT_TO_SIDE,-112.18866683854,35.2509847794983,3,FOUR_WAY_INTERSECTION,ANGLE_FRONT_TO_SIDE,WILLIAMS,2012-07-03 16:10:00,DID_NOT_USE_CROSSWALK,NO_IMPROPER_ACTION
2636424,2,ANGLE_FRONT_TO_SIDE,-111.952322815553,33.384602102158,3,UNKNOWN_99,ANGLE_FRONT_TO_SIDE,TEMPE,2012-05-22 19:10:00,DROVE_RODE_IN_OPPOSING_TRAFFIC_LANE,FAILED_TO_YIELD_RIGHT_OF_WAY_103
2636444,2,ANGLE_FRONT_TO_SIDE,-112.203087685338,33.6926048813303,3,FOUR_WAY_INTERSECTION,ANGLE_FRONT_TO_SIDE,GLENDALE,2012-06-12 08:01:00,DROVE_RODE_IN_OPPOSING_TRAFFIC_LANE,NO_IMPROPER_ACTION
2636500,2,ANGLE_FRONT_TO_SIDE,-112.237669127225,33.5202154864766,2,UNKNOWN_99,ANGLE_FRONT_TO_SIDE,GLENDALE,2012-06-19 17:55:00,DID_NOT_USE_CROSSWALK,NO_IMPROPER_ACTION
2636501,2,ANGLE_FRONT_TO_SIDE,-112.202927399212,33.6382745416859,2,FOUR_WAY_INTERSECTION,ANGLE_FRONT_TO_SIDE,GLENDALE,2012-06-16 11:00:00,NO_IMPROPER_ACTION,FAILED_TO_YIELD_RIGHT_OF_WAY_103
2636507,2,OTHER_97,-112.188057815809,33.5240523428981,5,NOT_REPORTED_255,OTHER_97,GLENDALE,2012-06-13 20:30:00,FAILED_TO_YIELD_RIGHT_OF_WAY_103,NOT_APPLICABLE_MINUS_1+NO_IMPROPER_ACTION
2636535,2,ANGLE_FRONT_TO_SIDE,-112.202942107493,33.5669615167581,2,UNKNOWN_99,ANGLE_FRONT_TO_SIDE,GLENDALE,2012-06-20 14:33:00,INATTENTION_DISTRACTION,NO_IMPROPER_ACTION+NOT_APPLICABLE_MINUS_1
2636636,2,SIDESWIPE_SAME_DIRECTION,-112.065196256319,33.5725019316462,2,FOUR_WAY_INTERSECTION,SIDESWIPE_SAME_DIRECTION,PHOENIX,2012-06-29 06:35:00,OTHER_97,NO_IMPROPER_ACTION
2636660,2,LEFT_TURN,-112.171206190262,33.5495816512074,2,T_INTERSECTION,LEFT_TURN,GLENDALE,2012-06-09 20:22:00,NO_IMPROPER_ACTION,NO_IMPROPER_ACTION
2636689,2,ANGLE_FRONT_TO_SIDE,-112.181788462301,33.5824646071431,2,UNKNOWN_99,ANGLE_FRONT_TO_SIDE,GLENDALE,2012-06-08 14:25:00,FAILED_TO_YIELD_RIGHT_OF_WAY_103,NOT_APPLICABLE_MINUS_1+NO_IMPROPER_ACTION
2636761,2,ANGLE_FRONT_TO_SIDE,-112.168980385689,33.4805037336828,3,UNKNOWN_99,ANGLE_FRONT_TO_SIDE,PHOENIX,2012-07-05 12:55:00,DROVE_RODE_IN_OPPOSING_TRAFFIC_LANE,UNKNOWN_99
2636818,2,REAR_TO_SIDE,-111.995843499404,33.6769118655085,3,T_INTERSECTION,REAR_TO_SIDE,PHOENIX,2012-06-26 21:12:00,NO_IMPROPER_ACTION,INATTENTION_DISTRACTION+NOT_APPLICABLE_MINUS_1
2636826,2,ANGLE_FRONT_TO_SIDE,-112.190824056219,33.6386427564268,2,FOUR_WAY_INTERSECTION,ANGLE_FRONT_TO_SIDE,GLENDALE,2012-06-21 21:19:00,DROVE_RODE_IN_OPPOSING_TRAFFIC_LANE,NO_IMPROPER_ACTION
2636850,2,ANGLE_FRONT_TO_SIDE,-112.170113243106,33.6107333672119,1,NOT_AT_INTERSECTION_0,ANGLE_FRONT_TO_SIDE,GLENDALE,2012-05-21 21:44:00,NO_IMPROPER_ACTION,NO_IMPROPER_ACTION
2636915,2,ANGLE_FRONT_TO_SIDE,-112.029570294932,33.6550385819568,3,NOT_AT_INTERSECTION_0,ANGLE_FRONT_TO_SIDE,PHOENIX,2012-07-06 11:27:00,OTHER_97,NO_IMPROPER_ACTION+NOT_APPLICABLE_MINUS_1
2636917,2,ANGLE_FRONT_TO_SIDE,-112.203111756032,33.5207485219968,2,NOT_AT_INTERSECTION_0,ANGLE_FRONT_TO_SIDE,GLENDALE,2012-06-03 21:28:00,DROVE_RODE_IN_OPPOSING_TRAFFIC_LANE,NOT_APPLICABLE_MINUS_1+NO_IMPROPER_ACTION
2636958,2,SIDESWIPE_OPPOSITE_DIRECTION,-112.057681455369,33.57208479954,2,UNKNOWN_99,SIDESWIPE_OPPOSITE_DIRECTION,PHOENIX,2012-06-04 12:51:00,DROVE_RODE_IN_OPPOSING_TRAFFIC_LANE,NO_IMPROPER_ACTION
2637046,2,ANGLE_FRONT_TO_SIDE,-112.192801484037,33.5384788289455,1,FOUR_WAY_INTERSECTION,ANGLE_FRONT_TO_SIDE,GLENDALE,2012-05-30 17:40:00,FAILED_TO_YIELD_RIGHT_OF_WAY_103,NO_IMPROPER_ACTION
2637296,2,OTHER_97,-112.130208242151,33.4296672197434,3,NOT_REPORTED_255,OTHER_97,PHOENIX,2012-03-12 17:56:00,DROVE_RODE_IN_OPPOSING_TRAFFIC_LANE,FAILED_TO_YIELD_RIGHT_OF_WAY_103
2637340,2,OTHER_97,-111.963123374508,33.3618835640725,1,UNKNOWN_99,OTHER_97,GUADALUPE,2012-02-09 10:54:00,UNKNOWN_99,NO_IMPROPER_ACTION
2637468,2,ANGLE_FRONT_TO_SIDE,-110.080736737658,34.4997159607465,3,FOUR_WAY_INTERSECTION,ANGLE_FRONT_TO_SIDE,SNOWFLAKE,2012-07-21 12:02:00,RAN_STOP_SIGN,NO_IMPROPER_ACTION
2637514,2,REAR_END,-112.295038381234,33.4279190589747,1,NOT_AT_INTERSECTION_0,REAR_END,AVONDALE,2012-07-31 21:45:00,FOLLOWED_TOO_CLOSELY,NO_IMPROPER_ACTION
2637854,2,UNKNOWN_99,-112.340980587105,33.4498668011187,3,FOUR_WAY_INTERSECTION,UNKNOWN_99,AVONDALE,2012-08-03 16:15:00,INATTENTION_DISTRACTION,NO_IMPROPER_ACTION
2637941,2,SIDESWIPE_SAME_DIRECTION,-111.793478848466,33.1704837488394,2,NOT_AT_INTERSECTION_0,SIDESWIPE_SAME_DIRECTION,UNSPECIFIED_999,2012-05-01 16:20:00,INATTENTION_DISTRACTION,NO_IMPROPER_ACTION+NOT_APPLICABLE_MINUS_1
2638030,2,ANGLE_FRONT_TO_SIDE,-112.321871412866,34.5886251286297,1,FOUR_WAY_INTERSECTION,ANGLE_FRONT_TO_SIDE,PRESCOTT VALLEY,2012-06-30 14:29:00,DROVE_RODE_IN_OPPOSING_TRAFFIC_LANE,NO_IMPROPER_ACTION+NOT_APPLICABLE_MINUS_1
2638126,2,LEFT_TURN,-111.876056335552,33.5752998937036,3,T_INTERSECTION,LEFT_TURN,SCOTTSDALE,2012-06-28 07:21:00,NO_IMPROPER_ACTION,SPEED_TOO_FAST_FOR_CONDITIONS
2638143,2,ANGLE_FRONT_TO_SIDE,-111.639966445862,35.2106702029347,1,FOUR_WAY_INTERSECTION,ANGLE_FRONT_TO_SIDE,FLAGSTAFF,2012-08-09 15:21:00,DROVE_RODE_IN_OPPOSING_TRAFFIC_LANE,NO_IMPROPER_ACTION
2638258,2,ANGLE_FRONT_TO_SIDE,-111.699726696339,33.3215674438885,2,FOUR_WAY_INTERSECTION,ANGLE_FRONT_TO_SIDE,GILBERT,2012-07-27 20:18:00,FAILED_TO_YIELD_RIGHT_OF_WAY_103,NOT_APPLICABLE_MINUS_1+NO_IMPROPER_ACTION
2638517,2,ANGLE_FRONT_TO_SIDE,-111.605321058512,35.210519858618,3,FOUR_WAY_INTERSECTION,ANGLE_FRONT_TO_SIDE,FLAGSTAFF,2012-07-17 18:16:00,DROVE_RODE_IN_OPPOSING_TRAFFIC_LANE,FAILED_TO_YIELD_RIGHT_OF_WAY_103
2638532,2,ANGLE_FRONT_TO_SIDE,-111.912615912097,33.414756595742,1,UNKNOWN_99,ANGLE_FRONT_TO_SIDE,TEMPE,2012-06-18 23:30:00,DROVE_RODE_IN_OPPOSING_TRAFFIC_LANE,FAILED_TO_YIELD_RIGHT_OF_WAY_103
2638550,2,ANGLE_FRONT_TO_SIDE,-111.909707323312,33.4364512429223,1,T_INTERSECTION,ANGLE_FRONT_TO_SIDE,TEMPE,2012-06-23 23:12:00,NO_IMPROPER_ACTION,INATTENTION_DISTRACTION
2638558,2,ANGLE_FRONT_TO_SIDE,-111.909120078158,33.4149611063484,4,FOUR_WAY_INTERSECTION,ANGLE_FRONT_TO_SIDE,TEMPE,2012-06-06 20:21:00,DISREGARDED_TRAFFIC_SIGNAL,NO_IMPROPER_ACTION+NOT_APPLICABLE_MINUS_1
2638569,2,ANGLE_FRONT_TO_SIDE,-111.93469993592,33.5021278120824,3,FOUR_WAY_INTERSECTION,ANGLE_FRONT_TO_SIDE,SCOTTSDALE,2012-05-06 11:17:00,DISREGARDED_TRAFFIC_SIGNAL,NO_IMPROPER_ACTION
2638606,2,ANGLE_FRONT_TO_SIDE,-111.908828397745,33.5385216117813,1,FOUR_WAY_INTERSECTION,ANGLE_FRONT_TO_SIDE,SCOTTSDALE,2012-05-12 11:42:00,UNKNOWN_99,NO_IMPROPER_ACTION
2638651,2,LEFT_TURN,-111.926193541429,33.4730509972898,2,FOUR_WAY_INTERSECTION,LEFT_TURN,SCOTTSDALE,2012-06-05 06:28:00,NO_IMPROPER_ACTION,INATTENTION_DISTRACTION
2638710,2,ANGLE_FRONT_TO_SIDE,-111.837137189023,33.378775074193,1,FOUR_WAY_INTERSECTION,ANGLE_FRONT_TO_SIDE,MESA,2012-07-30 12:12:00,NO_IMPROPER_ACTION,NO_IMPROPER_ACTION
2638767,2,OTHER_97,-111.893969099265,33.5533812696868,5,FOUR_WAY_INTERSECTION,OTHER_97,SCOTTSDALE,2012-01-13 15:01:00,UNKNOWN_99,SPEED_TOO_FAST_FOR_CONDITIONS
2638780,2,ANGLE_FRONT_TO_SIDE,-111.912180688654,33.4658040158227,4,NOT_AT_INTERSECTION_0,ANGLE_FRONT_TO_SIDE,SCOTTSDALE,2012-05-29 16:11:00,OTHER_97,NOT_APPLICABLE_MINUS_1+NOT_APPLICABLE_MINUS_1+NO_IMPROPER_ACTION
2638823,2,LEFT_TURN,-111.899878225002,33.5965665529671,3,FOUR_WAY_INTERSECTION,LEFT_TURN,SCOTTSDALE,2012-04-22 10:00:00,FAILED_TO_KEEP_IN_PROPER_LANE,OTHER_97
2639055,2,ANGLE_FRONT_TO_SIDE,-111.92601178263,33.5821661142131,1,UNKNOWN_99,ANGLE_FRONT_TO_SIDE,SCOTTSDALE,2012-07-09 10:35:00,UNKNOWN_99,UNKNOWN_99
2639098,2,ANGLE_FRONT_TO_SIDE,-111.904466524024,33.5239010259914,4,T_INTERSECTION,ANGLE_FRONT_TO_SIDE,SCOTTSDALE,2012-07-05 07:19:00,NO_IMPROPER_ACTION,MADE_IMPROPER_TURN
2639135,2,ANGLE_FRONT_TO_SIDE,-111.841439858491,33.3037270457454,4,UNKNOWN_99,ANGLE_FRONT_TO_SIDE,CHANDLER,2012-06-13 20:49:00,NO_IMPROPER_ACTION,DISREGARDED_TRAFFIC_SIGNAL
2639241,2,ANGLE_FRONT_TO_SIDE,-111.523986264034,32.9839044322526,2,T_INTERSECTION,ANGLE_FRONT_TO_SIDE,COOLIDGE,2012-06-01 11:05:00,DROVE_RODE_IN_OPPOSING_TRAFFIC_LANE,NO_IMPROPER_ACTION
2639454,2,ANGLE_FRONT_TO_SIDE,-111.849424401239,33.2561219720377,3,T_INTERSECTION,ANGLE_FRONT_TO_SIDE,CHANDLER,2012-06-01 18:12:00,FAILED_TO_YIELD_RIGHT_OF_WAY_103,NO_IMPROPER_ACTION
2639510,2,ANGLE_FRONT_TO_SIDE,-111.790495482282,33.3644465976462,3,T_INTERSECTION,ANGLE_FRONT_TO_SIDE,GILBERT,2012-08-11 11:42:00,NO_IMPROPER_ACTION,INATTENTION_DISTRACTION+NOT_APPLICABLE_MINUS_1
2639530,2,ANGLE_FRONT_TO_SIDE,-111.454853247562,36.9193523938509,3,T_INTERSECTION,ANGLE_FRONT_TO_SIDE,PAGE,2012-08-03 18:47:00,INATTENTION_DISTRACTION,INATTENTION_DISTRACTION
2639573,2,ANGLE_FRONT_TO_SIDE,-111.79833680529,33.3064383857657,1,FOUR_WAY_INTERSECTION,ANGLE_FRONT_TO_SIDE,CHANDLER,2012-06-12 09:09:00,NO_IMPROPER_ACTION,OTHER_97+NOT_APPLICABLE_MINUS_1
2639575,2,ANGLE_FRONT_TO_SIDE,-111.864970194953,33.2474880171306,2,FOUR_WAY_INTERSECTION,ANGLE_FRONT_TO_SIDE,CHANDLER,2012-06-12 10:37:00,OTHER_97,OTHER_97
2639585,2,ANGLE_FRONT_TO_SIDE,-111.82414146099,33.3170033223414,1,T_INTERSECTION,ANGLE_FRONT_TO_SIDE,CHANDLER,2012-06-06 17:55:00,UNKNOWN_99,UNKNOWN_99
2639854,2,ANGLE_FRONT_TO_SIDE,-112.468544049137,34.5400007083884,2,T_INTERSECTION,ANGLE_FRONT_TO_SIDE,PRESCOTT,2012-07-06 16:06:00,OTHER_97,NO_IMPROPER_ACTION
2640006,2,OTHER_97,-111.32264690457,34.2501343047885,3,FOUR_WAY_INTERSECTION,OTHER_97,PAYSON,2012-05-01 12:52:00,FAILED_TO_KEEP_IN_PROPER_LANE,INATTENTION_DISTRACTION
2640027,2,ANGLE_FRONT_TO_SIDE,-111.934521172424,33.3346502017175,3,NOT_AT_INTERSECTION_0,ANGLE_FRONT_TO_SIDE,TEMPE,2012-05-28 18:21:00,DID_NOT_USE_CROSSWALK,NO_IMPROPER_ACTION+NOT_APPLICABLE_MINUS_1
2640041,2,LEFT_TURN,-111.582097117806,35.1879051825573,2,T_INTERSECTION,LEFT_TURN,FLAGSTAFF,2012-08-14 09:14:00,NO_IMPROPER_ACTION,INATTENTION_DISTRACTION
2640101,2,ANGLE_FRONT_TO_SIDE,-111.909097106675,33.4208787104297,2,NOT_AT_INTERSECTION_0,ANGLE_FRONT_TO_SIDE,TEMPE,2012-07-20 15:42:00,OTHER_97,NO_IMPROPER_ACTION
2640110,2,ANGLE_FRONT_TO_SIDE,-111.939450303274,33.3782101973556,2,FOUR_WAY_INTERSECTION,ANGLE_FRONT_TO_SIDE,TEMPE,2012-07-20 05:34:00,DISREGARDED_TRAFFIC_SIGNAL,NO_IMPROPER_ACTION
2640168,2,OTHER_97,-110.901199600838,32.2361857153825,3,FOUR_WAY_INTERSECTION,OTHER_97,TUCSON,2012-04-25 19:50:00,NO_IMPROPER_ACTION,FAILED_TO_YIELD_RIGHT_OF_WAY_103
2640204,2,OTHER_97,-110.905313461285,32.2288740826701,3,FOUR_WAY_INTERSECTION,OTHER_97,TUCSON,2012-04-24 16:33:00,NO_IMPROPER_ACTION,FAILED_TO_YIELD_RIGHT_OF_WAY_103
2640217,2,ANGLE_FRONT_TO_SIDE,-110.989529898764,31.4475310502579,2,T_INTERSECTION,ANGLE_FRONT_TO_SIDE,UNSPECIFIED_999,2012-06-24 15:48:00,RAN_STOP_SIGN,NO_IMPROPER_ACTION
2640375,2,OTHER_97,-110.943784492769,32.2795346218096,1,FOUR_WAY_INTERSECTION,OTHER_97,TUCSON,2012-04-15 04:50:00,NO_IMPROPER_ACTION,UNKNOWN_99
2640381,2,OTHER_97,-110.827721956128,32.1846696772187,3,UNKNOWN_99,OTHER_97,TUCSON,2012-04-24 06:17:00,NO_IMPROPER_ACTION,FAILED_TO_YIELD_RIGHT_OF_WAY_103
2640413,2,SIDESWIPE_SAME_DIRECTION,-110.975204923125,32.4529714959398,4,NOT_AT_INTERSECTION_0,SIDESWIPE_SAME_DIRECTION,ORO VALLEY,2012-08-15 10:13:00,NO_IMPROPER_ACTION,OTHER_UNSAFE_PASSING
2640449,2,ANGLE_FRONT_TO_SIDE,-112.030234595457,33.5053311815245,3,UNKNOWN_99,ANGLE_FRONT_TO_SIDE,PHOENIX,2012-07-12 14:20:00,NO_IMPROPER_ACTION,NOT_APPLICABLE_MINUS_1+FAILED_TO_YIELD_RIGHT_OF_WAY_103
2640457,2,REAR_END,-112.030191689427,33.4802825844341,3,FOUR_WAY_INTERSECTION,REAR_END,PHOENIX,2012-07-12 16:17:00,NO_IMPROPER_ACTION,FAILED_TO_YIELD_RIGHT_OF_WAY_103
2640523,2,OTHER_97,-110.956846806733,32.2498421300692,3,FOUR_WAY_INTERSECTION,OTHER_97,TUCSON,2012-04-17 17:26:00,DISREGARDED_TRAFFIC_SIGNAL,NO_IMPROPER_ACTION
2640547,2,ANGLE_FRONT_TO_SIDE,-112.108062594465,33.5907059085541,2,FOUR_WAY_INTERSECTION,ANGLE_FRONT_TO_SIDE,PHOENIX,2012-07-09 10:27:00,FAILED_TO_YIELD_RIGHT_OF_WAY_103,NO_IMPROPER_ACTION
2640633,3,REAR_END,-112.032140772798,33.6405064211988,3,UNKNOWN_99,REAR_END,PHOENIX,2012-06-18 16:16:00,FOLLOWED_TOO_CLOSELY,NO_IMPROPER_ACTION+NO_IMPROPER_ACTION
2640677,2,SIDESWIPE_OPPOSITE_DIRECTION,-112.091309577675,33.494975347282,2,FOUR_WAY_INTERSECTION,SIDESWIPE_OPPOSITE_DIRECTION,PHOENIX,2012-07-09 21:00:00,DROVE_RODE_IN_OPPOSING_TRAFFIC_LANE,NO_IMPROPER_ACTION
2640730,2,OTHER_97,-112.036727694484,33.4948784352711,2,T_INTERSECTION,OTHER_97,PHOENIX,2012-07-10 11:15:00,NO_IMPROPER_ACTION,NO_IMPROPER_ACTION
2640734,2,ANGLE_FRONT_TO_SIDE,-112.134303236696,33.5458153391866,3,FOUR_WAY_INTERSECTION,ANGLE_FRONT_TO_SIDE,PHOENIX,2012-07-13 14:50:00,OTHER_97,NO_IMPROPER_ACTION
2640767,2,ANGLE_FRONT_TO_SIDE,-112.121741508127,33.5385509331698,3,T_INTERSECTION,ANGLE_FRONT_TO_SIDE,PHOENIX,2012-07-12 07:17:00,FAILED_TO_YIELD_RIGHT_OF_WAY_103,NO_IMPROPER_ACTION
2640808,2,ANGLE_FRONT_TO_SIDE,-112.09945175757,33.408465922424,2,UNKNOWN_99,ANGLE_FRONT_TO_SIDE,PHOENIX,2012-07-10 11:21:00,DROVE_RODE_IN_OPPOSING_TRAFFIC_LANE,NO_IMPROPER_ACTION
2641052,2,ANGLE_FRONT_TO_SIDE,-111.789581328722,33.3494364294885,3,UNKNOWN_99,ANGLE_FRONT_TO_SIDE,GILBERT,2012-08-10 15:12:00,NO_IMPROPER_ACTION,INATTENTION_DISTRACTION+NOT_APPLICABLE_MINUS_1
2641064,3,REAR_END,-112.103957178408,33.5308105226314,4,NOT_AT_INTERSECTION_0,REAR_END,PHOENIX,2012-07-19 01:05:00,NO_IMPROPER_ACTION+NO_IMPROPER_ACTION,SPEED_TOO_FAST_FOR_CONDITIONS
2641070,2,LEFT_TURN,-112.134163605181,33.5385351591573,1,NOT_AT_INTERSECTION_0,LEFT_TURN,PHOENIX,2012-07-19 07:45:00,OTHER_97,NO_IMPROPER_ACTION
2641095,2,ANGLE_FRONT_TO_SIDE,-112.004217817237,33.4951695654315,3,FOUR_WAY_INTERSECTION,ANGLE_FRONT_TO_SIDE,PHOENIX,2012-07-19 17:34:00,DROVE_RODE_IN_OPPOSING_TRAFFIC_LANE,INATTENTION_DISTRACTION
2641119,2,OTHER_97,-112.058011366329,33.4907090470264,2,UNKNOWN_99,OTHER_97,PHOENIX,2012-04-20 14:38:00,FAILED_TO_YIELD_RIGHT_OF_WAY_103,NO_IMPROPER_ACTION
2641150,2,ANGLE_FRONT_TO_SIDE,-111.667525249112,33.3792870974207,3,FOUR_WAY_INTERSECTION,ANGLE_FRONT_TO_SIDE,MESA,2012-08-08 17:25:00,WALKED_ON_WRONG_SIDE_OF_ROAD,INATTENTION_DISTRACTION
2641154,2,SIDESWIPE_SAME_DIRECTION,-111.779828139267,33.408135854701,3,FOUR_WAY_INTERSECTION,SIDESWIPE_SAME_DIRECTION,MESA,2012-08-07 17:25:00,NO_IMPROPER_ACTION,NOT_APPLICABLE_MINUS_1+NOT_APPLICABLE_MINUS_1+NOT_APPLICABLE_MINUS_1+NO_IMPROPER_ACTION
2641191,2,REAR_END,-111.856627462101,33.4113227157706,3,NOT_AT_INTERSECTION_0,REAR_END,MESA,2012-08-14 07:00:00,NO_IMPROPER_ACTION,UNKNOWN_99
2641206,2,ANGLE_FRONT_TO_SIDE,-111.87461647799,33.3921621091277,3,T_INTERSECTION,ANGLE_FRONT_TO_SIDE,MESA,2012-08-14 14:41:00,OTHER_97,OTHER_97
2641244,2,OTHER_97,-112.254986816419,33.6816017063369,3,FOUR_WAY_INTERSECTION,OTHER_97,PEORIA,2012-08-11 18:31:00,INATTENTION_DISTRACTION,NOT_APPLICABLE_MINUS_1+NO_IMPROPER_ACTION
2641416,2,REAR_END,-112.134351981014,33.4814588706231,3,UNKNOWN_99,REAR_END,PHOENIX,2012-07-17 09:36:00,NO_IMPROPER_ACTION,SPEED_TOO_FAST_FOR_CONDITIONS
2641470,2,ANGLE_FRONT_TO_SIDE,-111.930452051301,33.4912536590733,3,FOUR_WAY_INTERSECTION,ANGLE_FRONT_TO_SIDE,SCOTTSDALE,2012-07-31 18:47:00,OTHER_97,NO_IMPROPER_ACTION
2641488,2,SIDESWIPE_OPPOSITE_DIRECTION,-110.059223980293,34.2564808916341,2,FOUR_WAY_INTERSECTION,SIDESWIPE_OPPOSITE_DIRECTION,SHOW LOW,2012-08-16 15:31:00,MADE_IMPROPER_TURN,NOT_APPLICABLE_MINUS_1+NO_IMPROPER_ACTION+NOT_APPLICABLE_MINUS_1
2641587,2,ANGLE_FRONT_TO_SIDE,-111.925051866856,33.5241281627343,3,NOT_AT_INTERSECTION_0,ANGLE_FRONT_TO_SIDE,SCOTTSDALE,2012-04-25 10:58:00,NO_IMPROPER_ACTION,INATTENTION_DISTRACTION
2641614,2,OTHER_97,-112.017233407464,33.4804421707311,2,FOUR_WAY_INTERSECTION,OTHER_97,PHOENIX,2012-07-17 10:29:00,DROVE_RODE_IN_OPPOSING_TRAFFIC_LANE,NO_IMPROPER_ACTION
2641641,2,SIDESWIPE_SAME_DIRECTION,-110.721907784449,32.3598936391504,3,NOT_AT_INTERSECTION_0,SIDESWIPE_SAME_DIRECTION,UNSPECIFIED_999,2012-08-11 17:24:00,NO_IMPROPER_ACTION,OTHER_UNSAFE_PASSING
2641657,2,OTHER_97,-112.131273465464,33.6108213257511,3,NOT_AT_INTERSECTION_0,OTHER_97,PHOENIX,2012-06-19 16:27:00,OTHER_97,NO_IMPROPER_ACTION
2641670,2,SIDESWIPE_SAME_DIRECTION,-112.134479348182,33.6552113636317,3,NOT_AT_INTERSECTION_0,SIDESWIPE_SAME_DIRECTION,PHOENIX,2012-05-05 17:43:00,INATTENTION_DISTRACTION,NOT_APPLICABLE_MINUS_1+NO_IMPROPER_ACTION
2641672,2,OTHER_97,-112.13120539775,33.4364370596206,4,NOT_AT_INTERSECTION_0,OTHER_97,PHOENIX,2012-07-13 08:45:00,NO_IMPROPER_ACTION,MADE_IMPROPER_TURN
2641674,2,SIDESWIPE_SAME_DIRECTION,-111.65051915232,35.1973546604696,2,NOT_AT_INTERSECTION_0,SIDESWIPE_SAME_DIRECTION,FLAGSTAFF,2012-08-12 12:18:00,NO_IMPROPER_ACTION,NOT_APPLICABLE_MINUS_1+FAILED_TO_YIELD_RIGHT_OF_WAY_103
2641692,2,ANGLE_FRONT_TO_SIDE,-111.655783938391,35.1948784389949,3,NOT_AT_INTERSECTION_0,ANGLE_FRONT_TO_SIDE,FLAGSTAFF,2012-08-06 12:42:00,NO_IMPROPER_ACTION,INATTENTION_DISTRACTION
2641760,2,ANGLE_FRONT_TO_SIDE,-111.913176183118,33.5021648039553,1,FOUR_WAY_INTERSECTION,ANGLE_FRONT_TO_SIDE,SCOTTSDALE,2012-04-23 08:29:00,DROVE_RODE_IN_OPPOSING_TRAFFIC_LANE,NO_IMPROPER_ACTION
2641761,2,ANGLE_FRONT_TO_SIDE,-111.896176121243,33.5166491742844,3,NOT_REPORTED_255,ANGLE_FRONT_TO_SIDE,SCOTTSDALE,2012-04-20 07:42:00,WALKED_ON_WRONG_SIDE_OF_ROAD,INATTENTION_DISTRACTION
2641768,2,REAR_END,-111.924845277641,33.4990347622597,1,FOUR_WAY_INTERSECTION,REAR_END,SCOTTSDALE,2012-04-29 01:09:00,NO_IMPROPER_ACTION,INATTENTION_DISTRACTION
2641837,3,OTHER_97,-110.968586949202,32.2213511970569,3,NOT_REPORTED_255,OTHER_97,TUCSON,2012-04-18 17:27:00,UNKNOWN_99,UNKNOWN_99
2641852,2,ANGLE_FRONT_TO_SIDE,-111.960948431314,33.4271234542262,3,NOT_AT_INTERSECTION_0,ANGLE_FRONT_TO_SIDE,TEMPE,2012-07-14 21:00:00,NO_IMPROPER_ACTION,DISREGARDED_PAVEMENT_MARKINGS