IncidentID,num_vehicles_involved,eCollisionManner,Longitude,Latitude,InjurySeverity,eIntersectionType,eCollisionManner,city_name,IncidentDateTime,cyclist_citations,driver_citations
2641871,2,ANGLE_FRONT_TO_SIDE,-111.926571439631,33.453413791107,1,T_INTERSECTION,ANGLE_FRONT_TO_SIDE,TEMPE,2012-07-05 13:40:00,INATTENTION_DISTRACTION,INATTENTION_DISTRACTION
2641872,2,ANGLE_FRONT_TO_SIDE,-111.947840656708,33.407250968899,2,FOUR_WAY_INTERSECTION,ANGLE_FRONT_TO_SIDE,TEMPE,2012-07-06 07:25:00,DROVE_RODE_IN_OPPOSING_TRAFFIC_LANE,NO_IMPROPER_ACTION
2641889,2,ANGLE_FRONT_TO_SIDE,-111.955023044918,33.3782210123451,2,NOT_REPORTED_255,ANGLE_FRONT_TO_SIDE,TEMPE,2012-08-15 21:38:00,DROVE_RODE_IN_OPPOSING_TRAFFIC_LANE,FAILED_TO_YIELD_RIGHT_OF_WAY_103
2641898,2,ANGLE_FRONT_TO_SIDE,-111.934901224789,33.3980683465853,3,T_INTERSECTION,ANGLE_FRONT_TO_SIDE,TEMPE,2012-07-15 18:20:00,NO_IMPROPER_ACTION,FAILED_TO_YIELD_RIGHT_OF_WAY_103
2641988,2,OTHER_97,0,0,4,UNKNOWN_99,OTHER_97,SAHUARITA,2012-08-24 18:17:00,INATTENTION_DISTRACTION,NO_IMPROPER_ACTION
2642065,2,ANGLE_FRONT_TO_SIDE,-112.472902966224,34.5419562486865,1,FOUR_WAY_INTERSECTION,ANGLE_FRONT_TO_SIDE,PRESCOTT,2012-08-21 10:05:00,DISREGARDED_TRAFFIC_SIGNAL,NO_IMPROPER_ACTION
2642175,2,LEFT_TURN,-111.638530287071,35.2058693569174,3,FOUR_WAY_INTERSECTION,LEFT_TURN,FLAGSTAFF,2012-08-17 21:06:00,KNOWINGLY_OPERATED_WITH_FAULTY_MISSING_EQUIPMENT,NOT_APPLICABLE_MINUS_1+NOT_APPLICABLE_MINUS_1+NO_IMPROPER_ACTION
2642212,2,OTHER_97,-112.099604854854,33.5357819931852,3,NOT_AT_INTERSECTION_0,OTHER_97,PHOENIX,2012-07-02 08:39:00,OTHER_97,NO_IMPROPER_ACTION
2642213,2,ANGLE_FRONT_TO_SIDE,-112.116381862737,33.5819946172828,2,INTERSECTION_AS_PART_OF_INTERCHANGE,ANGLE_FRONT_TO_SIDE,PHOENIX,2012-07-17 15:25:00,DROVE_RODE_IN_OPPOSING_TRAFFIC_LANE,NO_IMPROPER_ACTION
2642504,2,ANGLE_FRONT_TO_SIDE,-112.16915635948,33.4585906443797,3,FOUR_WAY_INTERSECTION,ANGLE_FRONT_TO_SIDE,PHOENIX,2012-07-17 22:23:00,NO_IMPROPER_ACTION,INATTENTION_DISTRACTION
2642589,2,UNKNOWN_99,-112.078213662739,33.4875509304588,2,FOUR_WAY_INTERSECTION,UNKNOWN_99,PHOENIX,2012-07-07 10:25:00,DISREGARDED_TRAFFIC_SIGNAL,NO_IMPROPER_ACTION
2642624,2,ANGLE_FRONT_TO_SIDE,-112.074071175724,33.4460722797838,4,FOUR_WAY_INTERSECTION,ANGLE_FRONT_TO_SIDE,PHOENIX,2012-07-26 07:00:00,NO_IMPROPER_ACTION,MADE_IMPROPER_TURN
2642664,2,HEAD_ON,-111.929550527575,33.4803243835217,2,UNKNOWN_99,HEAD_ON,SCOTTSDALE,2012-05-30 18:38:00,DROVE_RODE_IN_OPPOSING_TRAFFIC_LANE,NO_IMPROPER_ACTION
2642995,2,ANGLE_FRONT_TO_SIDE,-112.100092651767,33.4454896934029,3,UNKNOWN_99,ANGLE_FRONT_TO_SIDE,PHOENIX,2012-07-25 04:34:00,NO_IMPROPER_ACTION,FAILED_TO_YIELD_RIGHT_OF_WAY_103
2643030,2,ANGLE_FRONT_TO_SIDE,-111.891453972304,33.552968336584,2,FOUR_WAY_INTERSECTION,ANGLE_FRONT_TO_SIDE,SCOTTSDALE,2012-06-02 11:19:00,NO_IMPROPER_ACTION,INATTENTION_DISTRACTION
2643117,2,SIDESWIPE_SAME_DIRECTION,-111.85642864402,33.422144830413,2,FOUR_WAY_INTERSECTION,SIDESWIPE_SAME_DIRECTION,MESA,2012-08-21 07:47:00,NO_IMPROPER_ACTION,MADE_IMPROPER_TURN
2643228,2,ANGLE_FRONT_TO_SIDE,-111.787822356196,33.4403556145389,3,T_INTERSECTION,ANGLE_FRONT_TO_SIDE,MESA,2012-08-22 08:14:00,UNSAFE_LANE_CHANGE,OTHER_97
2643288,2,SIDESWIPE_SAME_DIRECTION,-112.327936378921,33.608990594437,2,UNKNOWN_99,SIDESWIPE_SAME_DIRECTION,EL MIRAGE,2012-08-17 13:00:00,NO_IMPROPER_ACTION,INATTENTION_DISTRACTION
2643450,2,LEFT_TURN,-111.856872089083,33.4003639043981,2,FOUR_WAY_INTERSECTION,LEFT_TURN,MESA,2012-08-19 06:15:00,NO_IMPROPER_ACTION,NO_IMPROPER_ACTION
2643464,3,SIDESWIPE_SAME_DIRECTION,-111.701751211914,33.4156107547787,3,FOUR_WAY_INTERSECTION,SIDESWIPE_SAME_DIRECTION,MESA,2012-08-15 12:59:00,NO_IMPROPER_ACTION,NO_IMPROPER_ACTION+SPEED_TOO_FAST_FOR_CONDITIONS
2643472,2,OTHER_97,-111.788351818226,33.3795485464494,1,UNKNOWN_99,OTHER_97,MESA,2012-07-28 19:39:00,DROVE_RODE_IN_OPPOSING_TRAFFIC_LANE,NO_IMPROPER_ACTION
2643645,2,OTHER_97,-109.763033200508,32.8508616775705,4,NOT_AT_INTERSECTION_0,OTHER_97,THATCHER,2012-08-27 07:38:00,UNKNOWN_99,NO_IMPROPER_ACTION+NOT_APPLICABLE_MINUS_1
2643745,2,LEFT_TURN,-111.190855099124,32.3427210686899,4,FOUR_WAY_INTERSECTION,LEFT_TURN,UNSPECIFIED_999,2012-08-17 07:03:00,NO_IMPROPER_ACTION,INATTENTION_DISTRACTION
2643820,2,ANGLE_FRONT_TO_SIDE,-111.939592011462,33.3928593290303,2,FOUR_WAY_INTERSECTION,ANGLE_FRONT_TO_SIDE,TEMPE,2012-07-31 20:27:00,DISREGARDED_TRAFFIC_SIGNAL,NO_IMPROPER_ACTION
2643885,2,ANGLE_FRONT_TO_SIDE,-111.812744337614,33.3363732213146,1,T_INTERSECTION,ANGLE_FRONT_TO_SIDE,GILBERT,2012-08-28 09:00:00,NO_IMPROPER_ACTION,INATTENTION_DISTRACTION
2643918,2,ANGLE_FRONT_TO_SIDE,-111.908719243847,33.4147557343762,1,NOT_AT_INTERSECTION_0,ANGLE_FRONT_TO_SIDE,TEMPE,2012-07-29 16:37:00,OTHER_97,NO_IMPROPER_ACTION
2643928,2,ANGLE_FRONT_TO_SIDE,-112.306417489187,33.4351323772377,3,T_INTERSECTION,ANGLE_FRONT_TO_SIDE,AVONDALE,2012-09-01 19:30:00,NO_IMPROPER_ACTION,FAILED_TO_YIELD_RIGHT_OF_WAY_103
2643987,2,ANGLE_FRONT_TO_SIDE,-112.194521923823,33.6339761478215,2,T_INTERSECTION,ANGLE_FRONT_TO_SIDE,GLENDALE,2012-06-18 20:37:00,NO_IMPROPER_ACTION,UNKNOWN_99
2644029,3,ANGLE_FRONT_TO_SIDE,-112.229028586591,33.6527278019973,2,FOUR_WAY_INTERSECTION,ANGLE_FRONT_TO_SIDE,GLENDALE,2012-07-20 17:26:00,NO_IMPROPER_ACTION+NO_IMPROPER_ACTION,FAILED_TO_YIELD_RIGHT_OF_WAY_103
2644101,2,ANGLE_FRONT_TO_SIDE,-112.18613242695,33.5398253438103,2,FOUR_WAY_INTERSECTION,ANGLE_FRONT_TO_SIDE,GLENDALE,2012-07-02 12:17:00,SPEED_TOO_FAST_FOR_CONDITIONS,SPEED_TOO_FAST_FOR_CONDITIONS
2644203,2,ANGLE_FRONT_TO_SIDE,-112.202942039049,33.5671675862349,2,FOUR_WAY_INTERSECTION,ANGLE_FRONT_TO_SIDE,GLENDALE,2012-07-11 12:25:00,UNKNOWN_99,UNKNOWN_99
2644221,2,ANGLE_FRONT_TO_SIDE,-112.160182296406,33.5805197473916,1,FOUR_WAY_INTERSECTION,ANGLE_FRONT_TO_SIDE,GLENDALE,2012-07-04 21:14:00,KNOWINGLY_OPERATED_WITH_FAULTY_MISSING_EQUIPMENT,FAILED_TO_YIELD_RIGHT_OF_WAY_103
2644347,2,LEFT_TURN,-112.01714675349,34.7395350388151,2,T_INTERSECTION,LEFT_TURN,COTTONWOOD,2012-08-24 06:59:00,NO_IMPROPER_ACTION,FAILED_TO_YIELD_RIGHT_OF_WAY_103
2644363,2,ANGLE_FRONT_TO_SIDE,-111.655286508074,35.1953041929236,1,FOUR_WAY_INTERSECTION,ANGLE_FRONT_TO_SIDE,FLAGSTAFF,2012-08-29 23:41:00,OTHER_97,NOT_APPLICABLE_MINUS_1+NO_IMPROPER_ACTION
2644364,2,ANGLE_FRONT_TO_SIDE,-111.64984824312,35.1987950541114,3,FOUR_WAY_INTERSECTION,ANGLE_FRONT_TO_SIDE,FLAGSTAFF,2012-08-27 19:04:00,NO_IMPROPER_ACTION,DISREGARDED_TRAFFIC_SIGNAL+NOT_APPLICABLE_MINUS_1+NOT_APPLICABLE_MINUS_1+NOT_APPLICABLE_MINUS_1+NOT_APPLICABLE_MINUS_1
2644587,2,OTHER_97,-110.971792105236,32.2359436303511,3,FOUR_WAY_INTERSECTION,OTHER_97,TUCSON,2012-04-21 18:34:00,DROVE_RODE_IN_OPPOSING_TRAFFIC_LANE,NO_IMPROPER_ACTION
2644592,2,OTHER_97,-110.894388191323,32.2214361150347,2,FOUR_WAY_INTERSECTION,OTHER_97,TUCSON,2012-04-20 12:46:00,OTHER_97,NO_IMPROPER_ACTION
2644607,2,OTHER_97,-110.993880891695,32.2292164493887,4,T_INTERSECTION,OTHER_97,TUCSON,2012-07-11 16:53:00,DROVE_RODE_IN_OPPOSING_TRAFFIC_LANE,NO_IMPROPER_ACTION+NOT_APPLICABLE_MINUS_1
2644628,2,OTHER_97,-110.956946268182,32.1778763599379,3,NOT_REPORTED_255,OTHER_97,TUCSON,2012-07-20 16:30:00,UNKNOWN_99,UNKNOWN_99
2644639,2,OTHER_97,-110.857924339442,32.1921505314383,3,FOUR_WAY_INTERSECTION,OTHER_97,TUCSON,2012-07-20 21:13:00,NO_IMPROPER_ACTION,FAILED_TO_YIELD_RIGHT_OF_WAY_103+NOT_APPLICABLE_MINUS_1
2644668,2,OTHER_97,-110.978048673376,32.250224074977,3,FOUR_WAY_INTERSECTION,OTHER_97,TUCSON,2012-07-18 20:30:00,NO_IMPROPER_ACTION,MADE_IMPROPER_TURN
2644707,2,ANGLE_FRONT_TO_SIDE,-111.618283252309,35.2004494077602,2,T_INTERSECTION,ANGLE_FRONT_TO_SIDE,FLAGSTAFF,2012-09-02 12:53:00,NO_IMPROPER_ACTION,FAILED_TO_YIELD_RIGHT_OF_WAY_103
2644721,2,ANGLE_FRONT_TO_SIDE,-111.664560564338,35.1671344520504,1,T_INTERSECTION,ANGLE_FRONT_TO_SIDE,FLAGSTAFF,2012-08-29 11:38:00,NO_IMPROPER_ACTION,INATTENTION_DISTRACTION
2644765,2,LEFT_TURN,-111.648252693276,35.1842072968303,3,T_INTERSECTION,LEFT_TURN,FLAGSTAFF,2012-08-22 15:54:00,RAN_STOP_SIGN,NO_IMPROPER_ACTION
2644944,2,OTHER_97,-112.112351934468,33.5532005581586,2,NOT_AT_INTERSECTION_0,OTHER_97,PHOENIX,2012-07-20 22:08:00,UNKNOWN_99,UNKNOWN_99+NOT_APPLICABLE_MINUS_1
2644958,2,ANGLE_FRONT_TO_SIDE,-111.850457175315,33.5726807595485,1,T_INTERSECTION,ANGLE_FRONT_TO_SIDE,SCOTTSDALE,2012-08-13 14:28:00,DROVE_RODE_IN_OPPOSING_TRAFFIC_LANE,NO_IMPROPER_ACTION
2645004,2,ANGLE_FRONT_TO_SIDE,-111.701750783144,33.4162967065585,2,UNKNOWN_99,ANGLE_FRONT_TO_SIDE,MESA,2012-05-26 15:00:00,FAILED_TO_KEEP_IN_PROPER_LANE,OTHER_97
2645006,2,OTHER_97,-111.840067662158,33.3947021685361,4,UNKNOWN_99,OTHER_97,MESA,2012-08-30 21:32:00,INATTENTION_DISTRACTION,NO_IMPROPER_ACTION
2645009,2,ANGLE_FRONT_TO_SIDE,-111.771185798136,33.3988116797289,3,T_INTERSECTION,ANGLE_FRONT_TO_SIDE,MESA,2012-08-27 07:46:00,DROVE_RODE_IN_OPPOSING_TRAFFIC_LANE,NOT_APPLICABLE_MINUS_1+NO_IMPROPER_ACTION+NOT_APPLICABLE_MINUS_1
2645135,2,ANGLE_FRONT_TO_SIDE,-112.25488069434,33.557440878778,3,T_INTERSECTION,ANGLE_FRONT_TO_SIDE,PEORIA,2012-08-30 18:42:00,INATTENTION_DISTRACTION,INATTENTION_DISTRACTION
2645147,2,SIDESWIPE_SAME_DIRECTION,-112.326151768892,33.7370457602152,3,UNKNOWN_99,SIDESWIPE_SAME_DIRECTION,PEORIA,2012-06-30 06:52:00,NO_IMPROPER_ACTION,INATTENTION_DISTRACTION
2645183,2,ANGLE_FRONT_TO_SIDE,-111.683806645722,33.3903855376568,3,UNKNOWN_99,ANGLE_FRONT_TO_SIDE,MESA,2012-08-23 18:10:00,INATTENTION_DISTRACTION,NO_IMPROPER_ACTION
2645190,2,OTHER_97,-112.244167149196,33.652805575349,3,FOUR_WAY_INTERSECTION,OTHER_97,PEORIA,2012-08-27 15:02:00,OTHER_97,NO_IMPROPER_ACTION
2645282,2,OTHER_97,-110.852081258372,32.2466993443467,3,T_INTERSECTION,OTHER_97,TUCSON,2012-07-28 12:16:00,NO_IMPROPER_ACTION,FAILED_TO_YIELD_RIGHT_OF_WAY_103
2645293,2,ANGLE_FRONT_TO_SIDE,-111.920390470074,33.5021330764326,1,FOUR_WAY_INTERSECTION,ANGLE_FRONT_TO_SIDE,SCOTTSDALE,2012-08-11 01:55:00,NO_IMPROPER_ACTION,NOT_APPLICABLE_MINUS_1+NOT_APPLICABLE_MINUS_1+RAN_STOP_SIGN+NOT_APPLICABLE_MINUS_1+NOT_APPLICABLE_MINUS_1+NOT_APPLICABLE_MINUS_1+NOT_APPLICABLE_MINUS_1
2645305,2,ANGLE_FRONT_TO_SIDE,-110.968495407285,32.2082322842049,3,UNKNOWN_99,ANGLE_FRONT_TO_SIDE,TUCSON,2012-07-23 11:00:00,UNKNOWN_99,UNKNOWN_99
2645319,2,OTHER_97,-111.8745803933,33.4003299874045,3,FOUR_WAY_INTERSECTION,OTHER_97,MESA,2012-08-31 16:33:00,DROVE_RODE_IN_OPPOSING_TRAFFIC_LANE,NO_IMPROPER_ACTION+NOT_APPLICABLE_MINUS_1
2645321,2,SIDESWIPE_SAME_DIRECTION,-111.83994830029,33.4226689194132,2,FOUR_WAY_INTERSECTION,SIDESWIPE_SAME_DIRECTION,MESA,2012-08-31 16:04:00,NO_IMPROPER_ACTION,OTHER_97
2645322,2,OTHER_97,-110.968524436064,32.2120771353042,4,FIVE_POINT_OR_MORE,OTHER_97,TUCSON,2012-07-30 10:01:00,DISREGARDED_TRAFFIC_SIGNAL,NO_IMPROPER_ACTION
2645378,2,OTHER_97,-110.956765627308,32.2360345382838,2,FOUR_WAY_INTERSECTION,OTHER_97,TUCSON,2012-07-01 07:00:00,NO_IMPROPER_ACTION,NO_IMPROPER_ACTION
2645629,2,ANGLE_FRONT_TO_SIDE,-111.906258723188,33.46579796787,3,Y_INTERSECTION,ANGLE_FRONT_TO_SIDE,SCOTTSDALE,2012-08-31 16:59:00,NO_IMPROPER_ACTION,MADE_IMPROPER_TURN
2645659,2,ANGLE_FRONT_TO_SIDE,-111.810530377963,33.3381361872986,1,T_INTERSECTION,ANGLE_FRONT_TO_SIDE,GILBERT,2012-08-30 17:14:00,DROVE_RODE_IN_OPPOSING_TRAFFIC_LANE,NO_IMPROPER_ACTION
2645703,2,ANGLE_FRONT_TO_SIDE,-112.008968629263,34.727890624054,3,NOT_REPORTED_255,ANGLE_FRONT_TO_SIDE,COTTONWOOD,2012-08-02 10:59:00,OTHER_97,NO_IMPROPER_ACTION
2645786,2,LEFT_TURN,-111.895190334589,33.456344845046,4,T_INTERSECTION,LEFT_TURN,SCOTTSDALE,2012-08-28 10:49:00,RAN_STOP_SIGN,NO_IMPROPER_ACTION
2645810,3,ANGLE_FRONT_TO_SIDE,-111.882691301882,33.5825383243679,3,FOUR_WAY_INTERSECTION,ANGLE_FRONT_TO_SIDE,SCOTTSDALE,2012-08-27 14:43:00,OTHER_97,NO_IMPROPER_ACTION+NO_IMPROPER_ACTION
2645828,2,OTHER_97,-110.952394785519,32.2612842344328,4,FOUR_WAY_INTERSECTION,OTHER_97,TUCSON,2012-07-10 21:30:00,UNKNOWN_99,UNKNOWN_99
2645838,2,LEFT_TURN,-111.878219415813,33.6186966636318,3,FOUR_WAY_INTERSECTION,LEFT_TURN,SCOTTSDALE,2012-08-21 08:04:00,NO_IMPROPER_ACTION,OTHER_97
2645847,2,OTHER_97,-110.999086500457,32.279471453729,3,FOUR_WAY_INTERSECTION,OTHER_97,TUCSON,2012-07-10 11:40:00,OTHER_97,NO_IMPROPER_ACTION+NOT_APPLICABLE_MINUS_1
2645855,2,OTHER_97,-111.020253658071,32.2068541826213,3,FOUR_WAY_INTERSECTION,OTHER_97,TUCSON,2012-04-01 18:32:00,NO_IMPROPER_ACTION,INATTENTION_DISTRACTION
2645861,2,OTHER_97,-110.974877327119,32.2359481691634,3,T_INTERSECTION,OTHER_97,TUCSON,2012-07-26 17:16:00,NO_IMPROPER_ACTION,FAILED_TO_YIELD_RIGHT_OF_WAY_103
2645862,2,OTHER_97,-110.968686957645,32.2316220648648,3,FOUR_WAY_INTERSECTION,OTHER_97,TUCSON,2012-07-26 07:48:00,OTHER_97,NO_IMPROPER_ACTION
2645941,2,OTHER_97,-110.956178797494,32.1395288745162,3,T_INTERSECTION,OTHER_97,TUCSON,2012-04-04 15:41:00,NO_IMPROPER_ACTION,RAN_STOP_SIGN+NOT_APPLICABLE_MINUS_1
2645984,2,OTHER_97,-111.793063774796,34.527797033356,4,T_INTERSECTION,OTHER_97,CAMP VERDE,2012-08-20 16:02:00,RAN_STOP_SIGN,NOT_APPLICABLE_MINUS_1+NO_IMPROPER_ACTION
2646014,2,OTHER_97,-111.760137282252,32.8941267621446,1,NOT_REPORTED_255,OTHER_97,CASA GRANDE,2012-07-22 05:27:00,NO_IMPROPER_ACTION,RAN_STOP_SIGN
2646086,2,ANGLE_FRONT_TO_SIDE,-111.88434369744,33.3331092102562,3,FOUR_WAY_INTERSECTION,ANGLE_FRONT_TO_SIDE,CHANDLER,2012-03-28 17:13:00,FAILED_TO_KEEP_IN_PROPER_LANE,NO_IMPROPER_ACTION
2646166,2,OTHER_97,-110.873108976805,32.236160263919,4,FOUR_WAY_INTERSECTION,OTHER_97,TUCSON,2012-04-27 00:30:00,NO_IMPROPER_ACTION,FOLLOWED_TOO_CLOSELY
2646283,2,ANGLE_FRONT_TO_SIDE,-111.960870090454,33.4203651206483,3,T_INTERSECTION,ANGLE_FRONT_TO_SIDE,TEMPE,2012-03-31 12:32:00,DROVE_RODE_IN_OPPOSING_TRAFFIC_LANE,NOT_APPLICABLE_MINUS_1+NO_IMPROPER_ACTION
2646290,2,ANGLE_FRONT_TO_SIDE,-111.969769741633,33.37844819024,2,T_INTERSECTION,ANGLE_FRONT_TO_SIDE,TEMPE,2012-03-23 18:25:00,DROVE_RODE_IN_OPPOSING_TRAFFIC_LANE,NO_IMPROPER_ACTION
2646305,2,SIDESWIPE_OPPOSITE_DIRECTION,-111.876385480489,33.3203733984645,2,NOT_REPORTED_255,SIDESWIPE_OPPOSITE_DIRECTION,CHANDLER,2012-03-26 19:32:00,NO_IMPROPER_ACTION,MADE_IMPROPER_TURN
2646415,2,ANGLE_FRONT_TO_SIDE,-111.991097715304,33.5981238991616,1,UNKNOWN_99,ANGLE_FRONT_TO_SIDE,PHOENIX,2012-07-22 18:52:00,FOLLOWED_TOO_CLOSELY,NO_IMPROPER_ACTION
2646586,2,LEFT_TURN,-112.122227616011,33.2966859022192,3,T_INTERSECTION,LEFT_TURN,PHOENIX,2012-07-27 09:30:00,NO_IMPROPER_ACTION,FAILED_TO_YIELD_RIGHT_OF_WAY_103
2646655,2,OTHER_97,-112.09983779725,33.5131905939237,1,FOUR_WAY_INTERSECTION,OTHER_97,PHOENIX,2012-08-01 15:46:00,NO_IMPROPER_ACTION,DISREGARDED_TRAFFIC_SIGNAL
2646876,2,ANGLE_FRONT_TO_SIDE,-112.057793213389,33.5749403507066,3,FOUR_WAY_INTERSECTION,ANGLE_FRONT_TO_SIDE,PHOENIX,2012-06-15 16:24:00,OTHER_97,NO_IMPROPER_ACTION
2646943,2,ANGLE_FRONT_TO_SIDE,-112.041225813332,33.4802646210679,2,T_INTERSECTION,ANGLE_FRONT_TO_SIDE,PHOENIX,2012-08-04 15:39:00,DISREGARDED_TRAFFIC_SIGNAL,NO_IMPROPER_ACTION
2646950,2,ANGLE_FRONT_TO_SIDE,-112.038903097296,33.494771923706,4,FOUR_WAY_INTERSECTION,ANGLE_FRONT_TO_SIDE,PHOENIX,2012-08-04 19:00:00,DISREGARDED_TRAFFIC_SIGNAL,NOT_APPLICABLE_MINUS_1+NO_IMPROPER_ACTION
2647023,2,OTHER_97,-111.598010621593,33.4150688537992,2,T_INTERSECTION,OTHER_97,MESA,2012-06-19 19:22:00,DROVE_RODE_IN_OPPOSING_TRAFFIC_LANE,UNKNOWN_99+NOT_APPLICABLE_MINUS_1+NOT_APPLICABLE_MINUS_1
2647067,2,SIDESWIPE_SAME_DIRECTION,-112.220769513233,33.4084436443934,2,UNKNOWN_99,SIDESWIPE_SAME_DIRECTION,PHOENIX,2012-08-24 09:24:00,NO_IMPROPER_ACTION,INATTENTION_DISTRACTION
2647174,2,ANGLE_FRONT_TO_SIDE,-112.342024222808,33.6163195494116,2,T_INTERSECTION,ANGLE_FRONT_TO_SIDE,EL MIRAGE,2012-08-21 15:55:00,INATTENTION_DISTRACTION,INATTENTION_DISTRACTION
2647219,2,ANGLE_FRONT_TO_SIDE,-111.736047977699,33.4508682990175,3,UNKNOWN_99,ANGLE_FRONT_TO_SIDE,MESA,2012-09-07 12:32:00,NO_IMPROPER_ACTION,MADE_IMPROPER_TURN
2647233,2,ANGLE_FRONT_TO_SIDE,-111.840305009965,33.3933263068529,3,FOUR_WAY_INTERSECTION,ANGLE_FRONT_TO_SIDE,MESA,2012-08-23 13:39:00,NO_IMPROPER_ACTION,OTHER_97
2647240,2,ANGLE_FRONT_TO_SIDE,-111.874534296411,33.4075802705839,2,FOUR_WAY_INTERSECTION,ANGLE_FRONT_TO_SIDE,MESA,2012-08-30 19:01:00,DROVE_RODE_IN_OPPOSING_TRAFFIC_LANE,NO_IMPROPER_ACTION+NOT_APPLICABLE_MINUS_1
2647253,2,ANGLE_FRONT_TO_SIDE,-111.926280447256,33.4138507010316,3,NOT_REPORTED_255,ANGLE_FRONT_TO_SIDE,TEMPE,2012-04-11 13:30:00,DROVE_RODE_IN_OPPOSING_TRAFFIC_LANE,NO_IMPROPER_ACTION
2647255,2,LEFT_TURN,-112.330162980203,33.6253301661017,3,T_INTERSECTION,LEFT_TURN,SURPRISE,2012-06-23 00:30:00,NO_IMPROPER_ACTION,FAILED_TO_YIELD_RIGHT_OF_WAY_103
2647288,2,OTHER_97,-110.931067516579,32.236056619019,3,FOUR_WAY_INTERSECTION,OTHER_97,TUCSON,2012-04-30 07:57:00,NO_IMPROPER_ACTION,NO_IMPROPER_ACTION
2647474,2,SIDESWIPE_SAME_DIRECTION,-111.618773050181,33.3715665875122,3,FOUR_WAY_INTERSECTION,SIDESWIPE_SAME_DIRECTION,MESA,2012-08-30 07:08:00,NO_IMPROPER_ACTION,INATTENTION_DISTRACTION+NOT_APPLICABLE_MINUS_1
2647478,2,ANGLE_FRONT_TO_SIDE,-111.856681154257,33.4076416339293,3,FOUR_WAY_INTERSECTION,ANGLE_FRONT_TO_SIDE,MESA,2012-07-12 16:17:00,DID_NOT_USE_CROSSWALK,NO_IMPROPER_ACTION
2647554,2,OTHER_97,-110.931207588739,31.3447261268869,2,UNKNOWN_99,OTHER_97,NOGALES,2012-09-13 08:34:00,NO_IMPROPER_ACTION,FAILED_TO_YIELD_RIGHT_OF_WAY_103
2647615,2,ANGLE_FRONT_TO_SIDE,-111.824192222166,33.3030302507649,4,T_INTERSECTION,ANGLE_FRONT_TO_SIDE,CHANDLER,2012-03-31 21:41:00,FAILED_TO_YIELD_RIGHT_OF_WAY_103,NOT_APPLICABLE_MINUS_1+NO_IMPROPER_ACTION
2647644,2,ANGLE_FRONT_TO_SIDE,-111.928408556623,33.3127139121105,3,FOUR_WAY_INTERSECTION,ANGLE_FRONT_TO_SIDE,CHANDLER,2012-04-11 18:38:00,DROVE_RODE_IN_OPPOSING_TRAFFIC_LANE,NO_IMPROPER_ACTION
2647662,2,OTHER_97,-110.977540744899,32.3371738274113,3,FOUR_WAY_INTERSECTION,OTHER_97,UNSPECIFIED_999,2012-08-21 10:42:00,OTHER_97,OTHER_97
2647831,2,SIDESWIPE_SAME_DIRECTION,-112.31689691186,34.587244938402,3,UNKNOWN_99,SIDESWIPE_SAME_DIRECTION,PRESCOTT VALLEY,2012-08-14 13:35:00,UNKNOWN_99,OTHER_UNSAFE_PASSING
2647878,2,ANGLE_FRONT_TO_SIDE,-109.975160554636,34.1572833348232,2,UNKNOWN_99,ANGLE_FRONT_TO_SIDE,PINETOP,2012-08-13 14:57:00,OTHER_97,NO_IMPROPER_ACTION
2647879,2,OTHER_97,-109.945664692139,34.1290009094624,1,NOT_REPORTED_255,OTHER_97,PINETOP,2012-08-18 20:42:00,NO_IMPROPER_ACTION,NOT_APPLICABLE_MINUS_1+NOT_APPLICABLE_MINUS_1+NOT_APPLICABLE_MINUS_1+FAILED_TO_YIELD_RIGHT_OF_WAY_103+NOT_APPLICABLE_MINUS_1
2647925,2,ANGLE_FRONT_TO_SIDE,-111.753967483264,33.3791584066522,3,FOUR_WAY_INTERSECTION,ANGLE_FRONT_TO_SIDE,MESA,2012-09-11 15:33:00,NO_IMPROPER_ACTION,INATTENTION_DISTRACTION
2647932,2,ANGLE_FRONT_TO_SIDE,-112.472429388669,34.5905814566643,2,T_INTERSECTION,ANGLE_FRONT_TO_SIDE,PRESCOTT,2012-09-13 07:33:00,OTHER_97,NO_IMPROPER_ACTION
2647938,2,ANGLE_FRONT_TO_SIDE,-111.942388835049,33.4219286721596,1,FOUR_WAY_INTERSECTION,ANGLE_FRONT_TO_SIDE,TEMPE,2012-04-12 08:58:00,DROVE_RODE_IN_OPPOSING_TRAFFIC_LANE,NO_IMPROPER_ACTION
2647948,2,ANGLE_FRONT_TO_SIDE,-111.883003577179,33.4222345474156,3,FOUR_WAY_INTERSECTION,ANGLE_FRONT_TO_SIDE,MESA,2012-04-12 09:02:00,NO_IMPROPER_ACTION,MADE_IMPROPER_TURN
2647994,3,ANGLE_FRONT_TO_SIDE,-111.944968188276,33.4218928032243,1,NOT_AT_INTERSECTION_0,ANGLE_FRONT_TO_SIDE,TEMPE,2012-04-02 13:02:00,OTHER_97+OTHER_97,NO_IMPROPER_ACTION