IncidentID,num_vehicles_involved,eCollisionManner,Longitude,Latitude,InjurySeverity,eIntersectionType,eCollisionManner,city_name,IncidentDateTime,cyclist_citations,driver_citations
2648197,2,ANGLE_FRONT_TO_SIDE,-111.919478054434,33.4075051654403,1,UNKNOWN_99,ANGLE_FRONT_TO_SIDE,TEMPE,2012-06-18 17:05:00,OTHER_97,NO_IMPROPER_ACTION
2648205,2,ANGLE_FRONT_TO_SIDE,-110.298867131583,31.551432988311,1,NOT_AT_INTERSECTION_0,ANGLE_FRONT_TO_SIDE,SIERRA VISTA,2012-06-05 12:08:00,INATTENTION_DISTRACTION,NO_IMPROPER_ACTION
2648256,2,LEFT_TURN,-111.64881019009,35.1902278286332,3,T_INTERSECTION,LEFT_TURN,FLAGSTAFF,2012-06-14 10:12:00,NO_IMPROPER_ACTION,FAILED_TO_YIELD_RIGHT_OF_WAY_103
2648291,2,ANGLE_FRONT_TO_SIDE,-112.216432728947,33.58146299635,2,NOT_AT_INTERSECTION_0,ANGLE_FRONT_TO_SIDE,PEORIA,2012-09-07 16:31:00,OTHER_97,FAILED_TO_YIELD_RIGHT_OF_WAY_103
2648314,2,ANGLE_FRONT_TO_SIDE,-112.240367779231,33.6717971279496,3,FOUR_WAY_INTERSECTION,ANGLE_FRONT_TO_SIDE,PEORIA,2012-09-10 14:40:00,NO_IMPROPER_ACTION,UNKNOWN_99
2648359,2,SIDESWIPE_SAME_DIRECTION,-112.220271905088,33.5803655623547,3,UNKNOWN_99,SIDESWIPE_SAME_DIRECTION,PEORIA,2012-09-06 18:10:00,FAILED_TO_YIELD_RIGHT_OF_WAY_103,NO_IMPROPER_ACTION+NOT_APPLICABLE_MINUS_1
2648405,2,ANGLE_FRONT_TO_SIDE,-111.934962195229,33.4231970019194,1,T_INTERSECTION,ANGLE_FRONT_TO_SIDE,TEMPE,2012-04-13 12:52:00,NO_IMPROPER_ACTION,OTHER_97
2648444,2,ANGLE_FRONT_TO_SIDE,-112.108765957981,33.5387228405799,3,NOT_AT_INTERSECTION_0,ANGLE_FRONT_TO_SIDE,PHOENIX,2012-05-24 11:51:00,FAILED_TO_YIELD_RIGHT_OF_WAY_103,NO_IMPROPER_ACTION
2648454,2,ANGLE_FRONT_TO_SIDE,-112.099673562769,33.5832298525717,4,NOT_AT_INTERSECTION_0,ANGLE_FRONT_TO_SIDE,PHOENIX,2012-05-27 10:45:00,FAILED_TO_YIELD_RIGHT_OF_WAY_103,NO_IMPROPER_ACTION
2648492,2,OTHER_97,-112.151534149552,33.5805229944438,3,NOT_AT_INTERSECTION_0,OTHER_97,PHOENIX,2012-05-25 11:28:00,OTHER_97,INATTENTION_DISTRACTION+NOT_APPLICABLE_MINUS_1
2648538,2,LEFT_TURN,-112.203055885727,33.5383474849412,2,FOUR_WAY_INTERSECTION,LEFT_TURN,GLENDALE,2012-04-26 21:40:00,OTHER_97,NO_IMPROPER_ACTION
2648657,2,SIDESWIPE_SAME_DIRECTION,-111.922194358946,33.5008070377927,1,T_INTERSECTION,SIDESWIPE_SAME_DIRECTION,SCOTTSDALE,2012-09-01 23:26:00,NO_IMPROPER_ACTION,INATTENTION_DISTRACTION
2648723,2,ANGLE_FRONT_TO_SIDE,-112.237458966347,33.5340944912912,3,FOUR_WAY_INTERSECTION,ANGLE_FRONT_TO_SIDE,GLENDALE,2012-05-02 13:28:00,DROVE_RODE_IN_OPPOSING_TRAFFIC_LANE,NOT_APPLICABLE_MINUS_1+NO_IMPROPER_ACTION+NOT_APPLICABLE_MINUS_1
2648759,2,SIDESWIPE_SAME_DIRECTION,-111.934770840286,33.4802727718751,3,UNKNOWN_99,SIDESWIPE_SAME_DIRECTION,SCOTTSDALE,2012-09-04 20:06:00,NO_IMPROPER_ACTION,NO_IMPROPER_ACTION
2648772,2,ANGLE_FRONT_TO_SIDE,-112.186202343053,33.5567065643204,2,FOUR_WAY_INTERSECTION,ANGLE_FRONT_TO_SIDE,GLENDALE,2012-05-07 22:11:00,DROVE_RODE_IN_OPPOSING_TRAFFIC_LANE,NO_IMPROPER_ACTION+NOT_APPLICABLE_MINUS_1
2648842,2,ANGLE_FRONT_TO_SIDE,-112.186179431125,33.5503854566591,4,FOUR_WAY_INTERSECTION,ANGLE_FRONT_TO_SIDE,GLENDALE,2012-05-06 03:06:00,FAILED_TO_YIELD_RIGHT_OF_WAY_103,NO_IMPROPER_ACTION
2648843,2,OTHER_97,-112.202729651783,33.538329863135,2,UNKNOWN_99,OTHER_97,GLENDALE,2012-05-09 15:25:00,FAILED_TO_YIELD_RIGHT_OF_WAY_103,NO_IMPROPER_ACTION
2648856,2,ANGLE_FRONT_TO_SIDE,-112.237104756294,33.6503048211973,4,UNKNOWN_99,ANGLE_FRONT_TO_SIDE,GLENDALE,2012-05-09 12:30:00,UNKNOWN_99,INATTENTION_DISTRACTION
2648884,2,OTHER_97,-112.17734552887,33.5948227455419,3,FOUR_WAY_INTERSECTION,OTHER_97,GLENDALE,2012-05-12 14:29:00,RAN_STOP_SIGN,NO_IMPROPER_ACTION
2648968,2,OTHER_97,-112.29879038105,33.6053050679724,4,FOUR_WAY_INTERSECTION,OTHER_97,UNSPECIFIED_999,2012-09-15 20:45:00,OTHER_97,NO_IMPROPER_ACTION
2649066,2,ANGLE_FRONT_TO_SIDE,-111.847537308991,33.4295329218789,2,T_INTERSECTION,ANGLE_FRONT_TO_SIDE,MESA,2012-09-12 07:55:00,NO_IMPROPER_ACTION,INATTENTION_DISTRACTION
2649080,2,ANGLE_FRONT_TO_SIDE,-111.804977515198,33.4151798708811,3,UNKNOWN_99,ANGLE_FRONT_TO_SIDE,MESA,2012-09-11 11:02:00,DROVE_RODE_IN_OPPOSING_TRAFFIC_LANE,NO_IMPROPER_ACTION
2649082,2,ANGLE_FRONT_TO_SIDE,-111.631636069444,33.3790834972975,1,NOT_AT_INTERSECTION_0,ANGLE_FRONT_TO_SIDE,MESA,2012-09-08 16:04:00,DROVE_RODE_IN_OPPOSING_TRAFFIC_LANE,NO_IMPROPER_ACTION
2649122,2,ANGLE_FRONT_TO_SIDE,-111.636221140666,33.379088394955,2,FOUR_WAY_INTERSECTION,ANGLE_FRONT_TO_SIDE,MESA,2012-09-08 08:18:00,NO_IMPROPER_ACTION,MADE_IMPROPER_TURN
2649134,2,ANGLE_FRONT_TO_SIDE,-111.860455796925,33.3930960736208,2,FOUR_WAY_INTERSECTION,ANGLE_FRONT_TO_SIDE,MESA,2012-09-06 17:04:00,WALKED_ON_WRONG_SIDE_OF_ROAD,NO_IMPROPER_ACTION
2649149,2,ANGLE_FRONT_TO_SIDE,-112.33602767682,33.4642369852059,1,NOT_AT_INTERSECTION_0,ANGLE_FRONT_TO_SIDE,AVONDALE,2012-09-13 14:36:00,FAILED_TO_YIELD_RIGHT_OF_WAY_103,NOT_APPLICABLE_MINUS_1+NO_IMPROPER_ACTION
2649155,2,SIDESWIPE_OPPOSITE_DIRECTION,-112.177160239756,33.6107468340214,1,FOUR_WAY_INTERSECTION,SIDESWIPE_OPPOSITE_DIRECTION,GLENDALE,2012-05-25 13:23:00,NO_IMPROPER_ACTION,NOT_APPLICABLE_MINUS_1+FAILED_TO_YIELD_RIGHT_OF_WAY_103
2649163,2,ANGLE_FRONT_TO_SIDE,-112.18310474435,33.524139951052,2,T_INTERSECTION,ANGLE_FRONT_TO_SIDE,GLENDALE,2012-05-18 07:56:00,UNKNOWN_99,UNKNOWN_99
2649180,2,SIDESWIPE_SAME_DIRECTION,-112.134477362653,33.6550740726768,3,NOT_AT_INTERSECTION_0,SIDESWIPE_SAME_DIRECTION,PHOENIX,2012-05-08 17:43:00,INATTENTION_DISTRACTION,NOT_APPLICABLE_MINUS_1+NO_IMPROPER_ACTION
2649212,2,ANGLE_FRONT_TO_SIDE,-111.046938580146,32.3371227354249,2,NOT_REPORTED_255,ANGLE_FRONT_TO_SIDE,MARANA,2012-09-06 10:42:00,OTHER_97,NO_IMPROPER_ACTION
2649257,2,OTHER_97,-112.168686002005,33.5486743600305,2,T_INTERSECTION,OTHER_97,GLENDALE,2012-05-22 15:50:00,NO_IMPROPER_ACTION,UNKNOWN_99
2649292,2,ANGLE_FRONT_TO_SIDE,-111.860551304107,33.4076269541896,2,T_INTERSECTION,ANGLE_FRONT_TO_SIDE,MESA,2012-06-13 11:13:00,DROVE_RODE_IN_OPPOSING_TRAFFIC_LANE,NO_IMPROPER_ACTION
2649311,2,SIDESWIPE_OPPOSITE_DIRECTION,-111.736478962712,33.3974084252406,1,FOUR_WAY_INTERSECTION,SIDESWIPE_OPPOSITE_DIRECTION,MESA,2012-06-16 23:05:00,NO_IMPROPER_ACTION,INATTENTION_DISTRACTION
2649327,2,ANGLE_FRONT_TO_SIDE,-111.882168332147,33.3837029594158,3,UNKNOWN_99,ANGLE_FRONT_TO_SIDE,MESA,2012-06-13 19:15:00,NO_IMPROPER_ACTION,MADE_IMPROPER_TURN
2649371,2,ANGLE_FRONT_TO_SIDE,-111.846370599928,33.3845935481154,3,UNKNOWN_99,ANGLE_FRONT_TO_SIDE,MESA,2012-06-21 05:54:00,NO_IMPROPER_ACTION,INATTENTION_DISTRACTION
2649400,2,ANGLE_FRONT_TO_SIDE,-111.453699690395,36.9160709870824,3,FOUR_WAY_INTERSECTION,ANGLE_FRONT_TO_SIDE,PAGE,2012-09-18 20:07:00,FAILED_TO_YIELD_RIGHT_OF_WAY_103,NOT_APPLICABLE_MINUS_1+NO_IMPROPER_ACTION+NOT_APPLICABLE_MINUS_1
2649401,2,ANGLE_FRONT_TO_SIDE,-111.661497795532,35.1835215499897,1,T_INTERSECTION,ANGLE_FRONT_TO_SIDE,FLAGSTAFF,2012-09-04 11:02:00,NO_IMPROPER_ACTION,UNKNOWN_99
2649412,2,ANGLE_FRONT_TO_SIDE,-111.623913690759,35.192143663453,1,T_INTERSECTION,ANGLE_FRONT_TO_SIDE,FLAGSTAFF,2012-08-29 16:30:00,DISREGARDED_TRAFFIC_SIGNAL,NO_IMPROPER_ACTION
2649413,2,LEFT_TURN,-111.682853881826,33.4369761461743,3,UNKNOWN_99,LEFT_TURN,MESA,2012-06-27 07:50:00,NO_IMPROPER_ACTION,NOT_APPLICABLE_MINUS_1+OTHER_97+NOT_APPLICABLE_MINUS_1
2649419,2,LEFT_TURN,-111.646470253501,35.2060357047006,3,UNKNOWN_99,LEFT_TURN,FLAGSTAFF,2012-09-05 19:28:00,OTHER_UNSAFE_PASSING,OTHER_97
2649421,2,ANGLE_FRONT_TO_SIDE,-111.79616743355,33.4225049642174,1,FOUR_WAY_INTERSECTION,ANGLE_FRONT_TO_SIDE,MESA,2012-06-16 11:30:00,NO_IMPROPER_ACTION,NO_IMPROPER_ACTION
2649439,2,ANGLE_FRONT_TO_SIDE,-112.073375090398,33.4088434247088,3,T_INTERSECTION,ANGLE_FRONT_TO_SIDE,PHOENIX,2012-05-27 22:02:00,DID_NOT_USE_CROSSWALK,NOT_APPLICABLE_MINUS_1+NO_IMPROPER_ACTION+NOT_APPLICABLE_MINUS_1+NOT_APPLICABLE_MINUS_1
2649452,2,ANGLE_FRONT_TO_SIDE,-111.659829608073,35.18347111796,3,UNKNOWN_99,ANGLE_FRONT_TO_SIDE,FLAGSTAFF,2012-09-05 16:32:00,NO_IMPROPER_ACTION,FAILED_TO_YIELD_RIGHT_OF_WAY_103
2649472,2,OTHER_97,-111.663178887751,35.1916153029049,1,UNKNOWN_99,OTHER_97,FLAGSTAFF,2012-09-07 18:43:00,NO_IMPROPER_ACTION,NO_IMPROPER_ACTION
2649564,2,OTHER_97,-111.563248676378,33.15201768555,3,FOUR_WAY_INTERSECTION,OTHER_97,UNSPECIFIED_999,2012-06-08 17:50:00,INATTENTION_DISTRACTION,INATTENTION_DISTRACTION
2649606,2,ANGLE_FRONT_TO_SIDE,-111.721560883363,33.3561789044564,4,FOUR_WAY_INTERSECTION,ANGLE_FRONT_TO_SIDE,GILBERT,2012-09-08 07:53:00,NO_IMPROPER_ACTION,MADE_IMPROPER_TURN
2649718,2,ANGLE_FRONT_TO_SIDE,-111.620134352211,35.2088672799835,1,FOUR_WAY_INTERSECTION,ANGLE_FRONT_TO_SIDE,FLAGSTAFF,2012-06-22 20:11:00,SPEED_TOO_FAST_FOR_CONDITIONS,NOT_APPLICABLE_MINUS_1+NO_IMPROPER_ACTION
2649720,2,REAR_END,-111.861557411884,33.4365707968844,1,ROUNDABOUT,REAR_END,MESA,2012-06-30 21:08:00,DISREGARDED_PAVEMENT_MARKINGS,UNKNOWN_99
2649723,2,ANGLE_FRONT_TO_SIDE,-111.631255016964,35.2137874516449,1,FOUR_WAY_INTERSECTION,ANGLE_FRONT_TO_SIDE,FLAGSTAFF,2012-06-25 11:22:00,NO_IMPROPER_ACTION,NO_IMPROPER_ACTION
2649753,2,REAR_END,-111.830616425454,33.3933354576523,2,FOUR_WAY_INTERSECTION,REAR_END,MESA,2012-06-11 15:00:00,UNKNOWN_99,UNKNOWN_99
2649775,2,ANGLE_FRONT_TO_SIDE,-111.871808613986,33.3930649209881,3,UNKNOWN_99,ANGLE_FRONT_TO_SIDE,MESA,2012-06-17 17:40:00,DROVE_RODE_IN_OPPOSING_TRAFFIC_LANE,INATTENTION_DISTRACTION
2649778,2,ANGLE_FRONT_TO_SIDE,-111.877791405641,33.3785549166468,1,FOUR_WAY_INTERSECTION,ANGLE_FRONT_TO_SIDE,MESA,2012-07-01 15:48:00,NO_IMPROPER_ACTION,MADE_IMPROPER_TURN
2649885,2,SIDESWIPE_SAME_DIRECTION,-112.255378343937,33.427975826131,3,NOT_REPORTED_255,SIDESWIPE_SAME_DIRECTION,PHOENIX,2012-08-04 01:15:00,NO_IMPROPER_ACTION,OTHER_UNSAFE_PASSING
2649922,2,ANGLE_FRONT_TO_SIDE,-112.112860927098,33.5531855524409,3,INTERSECTION_AS_PART_OF_INTERCHANGE,ANGLE_FRONT_TO_SIDE,PHOENIX,2012-08-10 20:43:00,OTHER_97,NO_IMPROPER_ACTION+NOT_APPLICABLE_MINUS_1
2650000,2,ANGLE_FRONT_TO_SIDE,-110.974787885997,32.3201355819741,3,UNKNOWN_99,ANGLE_FRONT_TO_SIDE,UNSPECIFIED_999,2012-09-05 10:26:00,OTHER_97,FAILED_TO_YIELD_RIGHT_OF_WAY_103
2650081,2,OTHER_97,-111.859108697924,33.3540294048718,1,FOUR_WAY_INTERSECTION,OTHER_97,CHANDLER,2012-04-21 07:23:00,OTHER_97,OTHER_97
2650155,2,OTHER_97,-111.995555790395,33.471204086229,3,FOUR_WAY_INTERSECTION,OTHER_97,PHOENIX,2012-08-08 16:58:00,DROVE_RODE_IN_OPPOSING_TRAFFIC_LANE,NO_IMPROPER_ACTION
2650187,2,ANGLE_FRONT_TO_SIDE,-112.126921716596,33.5761957607183,3,NOT_AT_INTERSECTION_0,ANGLE_FRONT_TO_SIDE,PHOENIX,2012-08-11 18:50:00,WALKED_ON_WRONG_SIDE_OF_ROAD,NO_IMPROPER_ACTION
2650272,2,SIDESWIPE_SAME_DIRECTION,-112.021533233855,33.6655233234292,3,NOT_AT_INTERSECTION_0,SIDESWIPE_SAME_DIRECTION,PHOENIX,2012-08-10 12:53:00,UNSAFE_LANE_CHANGE,SPEED_TOO_FAST_FOR_CONDITIONS
2650281,2,ANGLE_FRONT_TO_SIDE,-111.859112822009,33.3278478137892,1,FOUR_WAY_INTERSECTION,ANGLE_FRONT_TO_SIDE,CHANDLER,2012-04-27 20:55:00,DROVE_RODE_IN_OPPOSING_TRAFFIC_LANE,NOT_APPLICABLE_MINUS_1+DISREGARDED_TRAFFIC_SIGNAL
2650344,2,OTHER_97,-111.824215010989,33.3279559201697,3,T_INTERSECTION,OTHER_97,CHANDLER,2012-05-14 15:28:00,OTHER_97,MADE_IMPROPER_TURN
2650413,2,ANGLE_FRONT_TO_SIDE,-111.867756996391,33.3205901323705,3,FOUR_WAY_INTERSECTION,ANGLE_FRONT_TO_SIDE,CHANDLER,2012-05-02 17:49:00,DROVE_RODE_IN_OPPOSING_TRAFFIC_LANE,INATTENTION_DISTRACTION
2650442,2,ANGLE_FRONT_TO_SIDE,-111.836161298568,33.3496796446546,3,FOUR_WAY_INTERSECTION,ANGLE_FRONT_TO_SIDE,CHANDLER,2012-05-08 07:53:00,DROVE_RODE_IN_OPPOSING_TRAFFIC_LANE,INATTENTION_DISTRACTION
2650607,2,ANGLE_FRONT_TO_SIDE,-112.021504231116,33.4913791559806,2,FOUR_WAY_INTERSECTION,ANGLE_FRONT_TO_SIDE,PHOENIX,2012-08-08 08:29:00,FAILED_TO_YIELD_RIGHT_OF_WAY_103,NO_IMPROPER_ACTION
2650632,3,ANGLE_FRONT_TO_SIDE,-111.998037625802,33.6263921366448,1,NOT_AT_INTERSECTION_0,ANGLE_FRONT_TO_SIDE,PHOENIX,2012-08-09 12:35:00,OTHER_97+OTHER_97,NO_IMPROPER_ACTION
2650669,2,ANGLE_FRONT_TO_SIDE,-112.31293922461,33.6155899392172,2,NOT_AT_INTERSECTION_0,ANGLE_FRONT_TO_SIDE,EL MIRAGE,2012-09-06 15:57:00,FAILED_TO_YIELD_RIGHT_OF_WAY_103,NO_IMPROPER_ACTION+NOT_APPLICABLE_MINUS_1
2650778,3,ANGLE_FRONT_TO_SIDE,-111.926144375665,33.4209660365646,3,T_INTERSECTION,ANGLE_FRONT_TO_SIDE,TEMPE,2012-07-17 08:09:00,OTHER_97+OTHER_97,NO_IMPROPER_ACTION
2650785,2,ANGLE_FRONT_TO_SIDE,-111.943876320531,33.3782149043716,3,T_INTERSECTION,ANGLE_FRONT_TO_SIDE,TEMPE,2012-07-13 18:44:00,DROVE_RODE_IN_OPPOSING_TRAFFIC_LANE,NO_IMPROPER_ACTION
2650801,2,OTHER_97,-111.955000121494,33.378220943649,3,NOT_AT_INTERSECTION_0,OTHER_97,TEMPE,2012-07-18 16:53:00,OTHER_97,NO_IMPROPER_ACTION
2650857,2,ANGLE_FRONT_TO_SIDE,-111.945551770293,33.4218933664333,3,UNKNOWN_99,ANGLE_FRONT_TO_SIDE,TEMPE,2012-07-06 12:45:00,OTHER_97,UNKNOWN_99
2650898,2,ANGLE_FRONT_TO_SIDE,-111.952501761269,33.3782099655642,3,FOUR_WAY_INTERSECTION,ANGLE_FRONT_TO_SIDE,TEMPE,2012-07-31 11:04:00,DISREGARDED_TRAFFIC_SIGNAL,NO_IMPROPER_ACTION
2650900,2,ANGLE_FRONT_TO_SIDE,-111.008720052625,32.2942991242893,1,T_INTERSECTION,ANGLE_FRONT_TO_SIDE,UNSPECIFIED_999,2012-07-04 01:29:00,NO_IMPROPER_ACTION,INATTENTION_DISTRACTION
2650916,2,ANGLE_FRONT_TO_SIDE,-111.900496535816,33.421980567728,1,FOUR_WAY_INTERSECTION,ANGLE_FRONT_TO_SIDE,TEMPE,2012-08-02 11:30:00,OTHER_97,NO_IMPROPER_ACTION
2650974,2,SIDESWIPE_OPPOSITE_DIRECTION,-112.255033910509,33.5689902051482,4,T_INTERSECTION,SIDESWIPE_OPPOSITE_DIRECTION,PEORIA,2012-06-23 13:41:00,NO_IMPROPER_ACTION,FAILED_TO_YIELD_RIGHT_OF_WAY_103
2651029,2,ANGLE_FRONT_TO_SIDE,-112.250701558494,33.6816929019624,3,T_INTERSECTION,ANGLE_FRONT_TO_SIDE,PEORIA,2012-06-29 11:30:00,DROVE_RODE_IN_OPPOSING_TRAFFIC_LANE,FAILED_TO_YIELD_RIGHT_OF_WAY_103
2651040,2,ANGLE_FRONT_TO_SIDE,-112.203033255803,33.5759175612095,2,FOUR_WAY_INTERSECTION,ANGLE_FRONT_TO_SIDE,PEORIA,2012-07-06 13:23:00,INATTENTION_DISTRACTION,NO_IMPROPER_ACTION
2651051,2,REAR_END,-110.995641508831,32.4237843106723,4,FOUR_WAY_INTERSECTION,REAR_END,ORO VALLEY,2012-06-24 07:32:00,NO_IMPROPER_ACTION,UNKNOWN_99
2651059,2,OTHER_97,-110.995831703192,32.3900757005515,1,T_INTERSECTION,OTHER_97,ORO VALLEY,2012-07-09 16:18:00,NO_IMPROPER_ACTION,NOT_APPLICABLE_MINUS_1+INATTENTION_DISTRACTION
2651065,2,ANGLE_FRONT_TO_SIDE,-112.109403502425,33.5531166965465,2,UNKNOWN_99,ANGLE_FRONT_TO_SIDE,PHOENIX,2012-05-23 15:14:00,DROVE_RODE_IN_OPPOSING_TRAFFIC_LANE,NO_IMPROPER_ACTION
2651189,2,LEFT_TURN,-112.022827011191,33.304785718647,4,T_INTERSECTION,LEFT_TURN,PHOENIX,2012-05-26 03:00:00,NO_IMPROPER_ACTION,EXCEEDED_LAWFUL_SPEED+NOT_APPLICABLE_MINUS_1
2651203,2,UNKNOWN_99,-112.152089445694,33.6545883301828,2,FOUR_WAY_INTERSECTION,UNKNOWN_99,PHOENIX,2012-05-27 19:54:00,FAILED_TO_KEEP_IN_PROPER_LANE,NO_IMPROPER_ACTION+NOT_APPLICABLE_MINUS_1
2651295,2,LEFT_TURN,-112.081995863368,33.4068340262664,4,FOUR_WAY_INTERSECTION,LEFT_TURN,PHOENIX,2012-05-24 18:24:00,DISREGARDED_TRAFFIC_SIGNAL,NO_IMPROPER_ACTION
2651304,2,OTHER_97,-112.326849848426,33.6144632196716,3,NOT_AT_INTERSECTION_0,OTHER_97,EL MIRAGE,2012-09-22 18:43:00,INATTENTION_DISTRACTION,EXCEEDED_LAWFUL_SPEED
2651353,2,ANGLE_FRONT_TO_SIDE,-111.648877710878,35.2009365776787,1,NOT_AT_INTERSECTION_0,ANGLE_FRONT_TO_SIDE,FLAGSTAFF,2012-09-13 07:50:00,NO_IMPROPER_ACTION,NO_IMPROPER_ACTION
2651398,2,ANGLE_FRONT_TO_SIDE,-111.721777335414,33.3648615052418,1,FOUR_WAY_INTERSECTION,ANGLE_FRONT_TO_SIDE,GILBERT,2012-09-24 19:55:00,DISREGARDED_TRAFFIC_SIGNAL,NO_IMPROPER_ACTION
2651413,2,OTHER_97,-111.562979870266,33.1611202050925,1,FOUR_WAY_INTERSECTION,OTHER_97,UNSPECIFIED_999,2012-09-12 17:43:00,INATTENTION_DISTRACTION,NO_IMPROPER_ACTION
2651468,2,ANGLE_FRONT_TO_SIDE,-111.686004229164,33.2664006202602,3,FOUR_WAY_INTERSECTION,ANGLE_FRONT_TO_SIDE,GILBERT,2012-09-18 10:45:00,UNKNOWN_99,UNKNOWN_99
2651474,2,ANGLE_FRONT_TO_SIDE,-111.650755102544,35.1968215303957,1,FOUR_WAY_INTERSECTION,ANGLE_FRONT_TO_SIDE,FLAGSTAFF,2012-09-14 12:00:00,NO_IMPROPER_ACTION,RAN_STOP_SIGN
2651491,2,OTHER_97,-111.663056074338,35.191673623654,3,FOUR_WAY_INTERSECTION,OTHER_97,FLAGSTAFF,2012-09-16 21:55:00,DISREGARDED_TRAFFIC_SIGNAL,NO_IMPROPER_ACTION
2651504,2,ANGLE_FRONT_TO_SIDE,-111.790689226573,34.8636312162789,2,FOUR_WAY_INTERSECTION,ANGLE_FRONT_TO_SIDE,SEDONA,2012-09-13 08:00:00,NO_IMPROPER_ACTION,FAILED_TO_YIELD_RIGHT_OF_WAY_103
2651508,2,REAR_END,-111.811721018845,34.8634803255007,3,NOT_AT_INTERSECTION_0,REAR_END,SEDONA,2012-09-14 07:45:00,NO_IMPROPER_ACTION,FOLLOWED_TOO_CLOSELY
2651530,2,OTHER_97,-112.075024297298,33.4803836783752,2,FOUR_WAY_INTERSECTION,OTHER_97,PHOENIX,2012-05-23 10:39:00,OTHER_97,NO_IMPROPER_ACTION
2651659,2,ANGLE_FRONT_TO_SIDE,-111.992850727652,33.305075246323,3,UNKNOWN_99,ANGLE_FRONT_TO_SIDE,PHOENIX,2012-05-30 11:33:00,OTHER_97,NO_IMPROPER_ACTION
2651775,3,REAR_END,-112.108403667066,33.5132632857323,3,Y_INTERSECTION,REAR_END,PHOENIX,2012-06-02 16:54:00,NO_IMPROPER_ACTION+UNKNOWN_99,FOLLOWED_TOO_CLOSELY
2651798,3,LEFT_TURN,-112.069559656301,33.5092644925362,3,NOT_AT_INTERSECTION_0,LEFT_TURN,PHOENIX,2012-08-15 20:37:00,NO_IMPROPER_ACTION,MADE_IMPROPER_TURN+NO_IMPROPER_ACTION
2652005,2,UNKNOWN_99,-112.113653236402,33.5349499930948,3,UNKNOWN_99,UNKNOWN_99,PHOENIX,2012-06-24 14:56:00,UNKNOWN_99,UNKNOWN_99
2652064,2,ANGLE_FRONT_TO_SIDE,-112.09961200147,33.5675009833911,3,FOUR_WAY_INTERSECTION,ANGLE_FRONT_TO_SIDE,PHOENIX,2012-08-20 09:57:00,SPEED_TOO_FAST_FOR_CONDITIONS,NO_IMPROPER_ACTION
2652107,2,OTHER_97,-112.046701148174,33.0579706059416,2,NOT_AT_INTERSECTION_0,OTHER_97,MARICOPA,2012-09-06 06:30:00,DID_NOT_USE_CROSSWALK,NO_IMPROPER_ACTION
2652122,2,OTHER_97,-111.986920347981,33.4945981656551,2,NOT_REPORTED_255,OTHER_97,PHOENIX,2012-08-16 18:30:00,NO_IMPROPER_ACTION,FAILED_TO_YIELD_RIGHT_OF_WAY_103
2652193,2,OTHER_97,-111.980364970775,33.3125489463055,3,FOUR_WAY_INTERSECTION,OTHER_97,PHOENIX,2012-08-18 13:37:00,OTHER_97,NO_IMPROPER_ACTION
2652249,2,ANGLE_FRONT_TO_SIDE,-112.112893544756,33.5531312639737,3,FOUR_WAY_INTERSECTION,ANGLE_FRONT_TO_SIDE,PHOENIX,2012-07-27 18:05:00,DROVE_RODE_IN_OPPOSING_TRAFFIC_LANE,NO_IMPROPER_ACTION
2652469,2,ANGLE_FRONT_TO_SIDE,-111.856401905849,33.4237900215003,4,UNKNOWN_99,ANGLE_FRONT_TO_SIDE,MESA,2012-09-21 13:25:00,NO_IMPROPER_ACTION,INATTENTION_DISTRACTION
2652481,2,HEAD_ON,-111.774183163591,33.437237645915,1,UNKNOWN_99,HEAD_ON,MESA,2012-09-14 07:59:00,DROVE_RODE_IN_OPPOSING_TRAFFIC_LANE,NO_IMPROPER_ACTION
2652483,2,ANGLE_FRONT_TO_SIDE,-111.766858049058,33.451817564311,3,T_INTERSECTION,ANGLE_FRONT_TO_SIDE,MESA,2012-09-17 15:37:00,DROVE_RODE_IN_OPPOSING_TRAFFIC_LANE,OTHER_97
2652508,2,ANGLE_FRONT_TO_SIDE,-112.082497010728,33.5093967939131,2,FOUR_WAY_INTERSECTION,ANGLE_FRONT_TO_SIDE,PHOENIX,2012-08-13 10:13:00,OTHER_97,NO_IMPROPER_ACTION
2652537,2,ANGLE_FRONT_TO_SIDE,-112.133783283735,33.6108360667981,3,NOT_REPORTED_255,ANGLE_FRONT_TO_SIDE,PHOENIX,2012-07-13 14:53:00,NO_IMPROPER_ACTION,FAILED_TO_YIELD_RIGHT_OF_WAY_103
2652539,3,LEFT_TURN,-112.133783283735,33.6108360667981,1,FOUR_WAY_INTERSECTION,LEFT_TURN,PHOENIX,2012-07-13 18:28:00,NO_IMPROPER_ACTION,DISREGARDED_TRAFFIC_SIGNAL+NO_IMPROPER_ACTION+NOT_APPLICABLE_MINUS_1+NOT_APPLICABLE_MINUS_1+NOT_APPLICABLE_MINUS_1
2652975,2,ANGLE_FRONT_TO_SIDE,-111.693372186173,33.3649648818117,3,FOUR_WAY_INTERSECTION,ANGLE_FRONT_TO_SIDE,GILBERT,2012-09-25 07:14:00,OTHER_97,NO_IMPROPER_ACTION
2652979,2,OTHER_97,-111.713986978761,33.2805244234678,1,NOT_AT_INTERSECTION_0,OTHER_97,GILBERT,2012-09-21 16:06:00,DID_NOT_USE_CROSSWALK,NO_IMPROPER_ACTION