IncidentID,num_vehicles_involved,eCollisionManner,Longitude,Latitude,InjurySeverity,eIntersectionType,eCollisionManner,city_name,IncidentDateTime,cyclist_citations,driver_citations
2652984,2,OTHER_97,-111.841661401589,33.3270365584284,5,NOT_AT_INTERSECTION_0,OTHER_97,CHANDLER,2012-06-29 12:44:00,DID_NOT_USE_CROSSWALK,NO_IMPROPER_ACTION+NOT_APPLICABLE_MINUS_1
2652988,2,OTHER_97,-111.859066096344,33.3043128478484,4,T_INTERSECTION,OTHER_97,CHANDLER,2012-06-23 07:16:00,NO_IMPROPER_ACTION,OTHER_97
2653199,2,OTHER_97,-111.841676169708,33.3285740366607,3,NOT_AT_INTERSECTION_0,OTHER_97,CHANDLER,2012-06-27 17:39:00,WALKED_ON_WRONG_SIDE_OF_ROAD,OTHER_97
2653207,2,ANGLE_FRONT_TO_SIDE,-112.190380666689,33.5898586290178,3,T_INTERSECTION,ANGLE_FRONT_TO_SIDE,GLENDALE,2012-08-10 07:06:00,DROVE_RODE_IN_OPPOSING_TRAFFIC_LANE,FAILED_TO_YIELD_RIGHT_OF_WAY_103
2653255,2,ANGLE_FRONT_TO_SIDE,-112.202988857664,33.6685511614049,1,FOUR_WAY_INTERSECTION,ANGLE_FRONT_TO_SIDE,GLENDALE,2012-08-03 13:00:00,DROVE_RODE_IN_OPPOSING_TRAFFIC_LANE,INATTENTION_DISTRACTION
2653667,2,OTHER_97,-112.233424798324,33.638158955762,2,NOT_AT_INTERSECTION_0,OTHER_97,GLENDALE,2012-09-30 09:51:00,FAILED_TO_YIELD_RIGHT_OF_WAY_103,FAILED_TO_YIELD_RIGHT_OF_WAY_103
2653693,2,ANGLE_FRONT_TO_SIDE,-112.59804414794,33.3849596701665,1,UNKNOWN_99,ANGLE_FRONT_TO_SIDE,UNSPECIFIED_999,2012-08-28 16:10:00,INATTENTION_DISTRACTION,NO_IMPROPER_ACTION
2653734,2,ANGLE_FRONT_TO_SIDE,-112.255017202581,33.5735253135337,3,UNKNOWN_99,ANGLE_FRONT_TO_SIDE,PEORIA,2012-09-17 11:37:00,DISREGARDED_PAVEMENT_MARKINGS,NO_IMPROPER_ACTION+NOT_APPLICABLE_MINUS_1
2654035,2,UNKNOWN_99,-111.617711222594,35.2011086196518,1,NOT_REPORTED_255,UNKNOWN_99,FLAGSTAFF,2012-09-20 14:20:00,OTHER_97,NO_IMPROPER_ACTION
2654037,2,ANGLE_FRONT_TO_SIDE,-111.661330976687,35.1835165078203,3,NOT_REPORTED_255,ANGLE_FRONT_TO_SIDE,FLAGSTAFF,2012-09-20 12:26:00,DROVE_RODE_IN_OPPOSING_TRAFFIC_LANE,NOT_APPLICABLE_MINUS_1+NO_IMPROPER_ACTION
2654062,2,ANGLE_FRONT_TO_SIDE,-112.187396750705,33.5566864040475,1,NOT_REPORTED_255,ANGLE_FRONT_TO_SIDE,GLENDALE,2012-08-30 18:13:00,NO_IMPROPER_ACTION,FAILED_TO_YIELD_RIGHT_OF_WAY_103
2654168,2,ANGLE_FRONT_TO_SIDE,-112.099640410958,33.573129474497,4,NOT_AT_INTERSECTION_0,ANGLE_FRONT_TO_SIDE,PHOENIX,2012-01-07 16:12:00,NO_IMPROPER_ACTION,FAILED_TO_YIELD_RIGHT_OF_WAY_103
2654170,2,ANGLE_FRONT_TO_SIDE,-112.203003546824,33.6669527144507,2,NOT_REPORTED_255,ANGLE_FRONT_TO_SIDE,GLENDALE,2012-08-24 13:54:00,FAILED_TO_YIELD_RIGHT_OF_WAY_103,NO_IMPROPER_ACTION
2654209,2,ANGLE_FRONT_TO_SIDE,-111.628387385518,35.1951300195416,3,NOT_AT_INTERSECTION_0,ANGLE_FRONT_TO_SIDE,FLAGSTAFF,2012-09-25 19:02:00,FAILED_TO_KEEP_IN_PROPER_LANE,NO_IMPROPER_ACTION
2654222,2,LEFT_TURN,-112.317110701654,33.4409193515832,3,T_INTERSECTION,LEFT_TURN,AVONDALE,2012-09-25 06:45:00,NO_IMPROPER_ACTION,FAILED_TO_YIELD_RIGHT_OF_WAY_103+NOT_APPLICABLE_MINUS_1+NOT_APPLICABLE_MINUS_1+NOT_APPLICABLE_MINUS_1
2654236,2,ANGLE_FRONT_TO_SIDE,-111.735402231694,32.9234785399938,2,FOUR_WAY_INTERSECTION,ANGLE_FRONT_TO_SIDE,CASA GRANDE,2012-09-12 15:12:00,FAILED_TO_KEEP_IN_PROPER_LANE,RAN_STOP_SIGN+NOT_APPLICABLE_MINUS_1+NOT_APPLICABLE_MINUS_1
2654279,2,ANGLE_FRONT_TO_SIDE,-111.839932380205,33.4151108119995,1,FOUR_WAY_INTERSECTION,ANGLE_FRONT_TO_SIDE,MESA,2012-09-29 20:30:00,DISREGARDED_TRAFFIC_SIGNAL,NO_IMPROPER_ACTION
2654334,2,ANGLE_FRONT_TO_SIDE,-111.87461499757,33.3925054030445,1,UNKNOWN_99,ANGLE_FRONT_TO_SIDE,MESA,2012-09-25 23:14:00,UNKNOWN_99,UNKNOWN_99
2654378,2,ANGLE_FRONT_TO_SIDE,-111.855863771185,33.4076496720257,1,UNKNOWN_99,ANGLE_FRONT_TO_SIDE,MESA,2012-09-21 16:04:00,OTHER_97,NO_IMPROPER_ACTION+NOT_APPLICABLE_MINUS_1+NOT_APPLICABLE_MINUS_1
2654380,2,ANGLE_FRONT_TO_SIDE,-111.685720158745,33.3939768111863,3,UNKNOWN_99,ANGLE_FRONT_TO_SIDE,UNSPECIFIED_999,2012-09-21 18:10:00,INATTENTION_DISTRACTION,SPEED_TOO_FAST_FOR_CONDITIONS
2654397,2,SIDESWIPE_OPPOSITE_DIRECTION,-110.968317534665,32.1865339922388,3,T_INTERSECTION,SIDESWIPE_OPPOSITE_DIRECTION,TUCSON,2012-08-24 20:41:00,KNOWINGLY_OPERATED_WITH_FAULTY_MISSING_EQUIPMENT,NO_IMPROPER_ACTION
2654409,2,ANGLE_FRONT_TO_SIDE,-110.879382841759,32.2216574017527,3,T_INTERSECTION,ANGLE_FRONT_TO_SIDE,TUCSON,2012-08-23 08:03:00,DROVE_RODE_IN_OPPOSING_TRAFFIC_LANE,FAILED_TO_YIELD_RIGHT_OF_WAY_103
2654442,2,SIDESWIPE_OPPOSITE_DIRECTION,-111.822402191531,33.4514984508633,2,FOUR_WAY_INTERSECTION,SIDESWIPE_OPPOSITE_DIRECTION,MESA,2012-09-24 16:17:00,NO_IMPROPER_ACTION,INATTENTION_DISTRACTION
2654508,2,OTHER_97,-110.901205505608,32.2461196786839,2,FOUR_WAY_INTERSECTION,OTHER_97,TUCSON,2012-08-23 09:18:00,OTHER_97,OTHER_97
2654540,2,ANGLE_FRONT_TO_SIDE,-110.995025521274,32.2721384514174,3,FOUR_WAY_INTERSECTION,ANGLE_FRONT_TO_SIDE,TUCSON,2012-08-29 09:31:00,INATTENTION_DISTRACTION,INATTENTION_DISTRACTION
2654546,2,OTHER_97,-112.134209197761,33.5146453322823,5,NOT_AT_INTERSECTION_0,OTHER_97,PHOENIX,2012-03-14 19:06:00,FAILED_TO_YIELD_RIGHT_OF_WAY_103,NO_IMPROPER_ACTION+NOT_APPLICABLE_MINUS_1
2654561,2,SIDESWIPE_SAME_DIRECTION,-110.959415719611,32.221411559325,2,FOUR_WAY_INTERSECTION,SIDESWIPE_SAME_DIRECTION,TUCSON,2012-08-16 13:43:00,NO_IMPROPER_ACTION,OTHER_UNSAFE_PASSING
2654633,2,SIDESWIPE_SAME_DIRECTION,-110.971818450441,32.240033501098,3,UNKNOWN_99,SIDESWIPE_SAME_DIRECTION,TUCSON,2012-08-10 07:36:00,NO_IMPROPER_ACTION,OTHER_97+NOT_APPLICABLE_MINUS_1
2654664,2,ANGLE_FRONT_TO_SIDE,-110.97821785057,32.2746734589302,4,NOT_AT_INTERSECTION_0,ANGLE_FRONT_TO_SIDE,TUCSON,2012-08-03 09:50:00,DROVE_RODE_IN_OPPOSING_TRAFFIC_LANE,NO_IMPROPER_ACTION
2654692,2,OTHER_97,-110.892696832729,32.2506386287814,3,FOUR_WAY_INTERSECTION,OTHER_97,TUCSON,2012-08-02 15:30:00,DROVE_RODE_IN_OPPOSING_TRAFFIC_LANE,FAILED_TO_YIELD_RIGHT_OF_WAY_103
2654697,2,ANGLE_FRONT_TO_SIDE,-110.783019775618,32.191798078546,3,UNKNOWN_99,ANGLE_FRONT_TO_SIDE,TUCSON,2012-08-04 22:33:00,FAILED_TO_YIELD_RIGHT_OF_WAY_103,NO_IMPROPER_ACTION
2654718,2,OTHER_97,-112.188373852427,33.5530575339186,1,T_INTERSECTION,OTHER_97,GLENDALE,2012-07-23 15:28:00,MADE_IMPROPER_TURN,OTHER_97+NOT_APPLICABLE_MINUS_1
2654763,2,LEFT_TURN,-111.630395225743,35.191428290369,2,T_INTERSECTION,LEFT_TURN,UNSPECIFIED_999,2012-10-04 15:49:00,NO_IMPROPER_ACTION,MADE_IMPROPER_TURN
2654767,2,ANGLE_FRONT_TO_SIDE,-111.650139306401,35.1926932918329,1,FOUR_WAY_INTERSECTION,ANGLE_FRONT_TO_SIDE,FLAGSTAFF,2012-10-03 11:11:00,NO_IMPROPER_ACTION,INATTENTION_DISTRACTION
2654769,2,LEFT_TURN,-111.644289810763,35.205376893622,2,FOUR_WAY_INTERSECTION,LEFT_TURN,FLAGSTAFF,2012-10-03 08:23:00,NO_IMPROPER_ACTION,FAILED_TO_YIELD_RIGHT_OF_WAY_103
2654770,2,ANGLE_FRONT_TO_SIDE,-111.868652959768,33.3775478807938,2,FOUR_WAY_INTERSECTION,ANGLE_FRONT_TO_SIDE,MESA,2012-09-22 21:53:00,NO_IMPROPER_ACTION,OTHER_97
2654797,2,LEFT_TURN,-111.649210918423,35.1903281140998,1,UNKNOWN_99,LEFT_TURN,FLAGSTAFF,2012-10-05 11:40:00,DROVE_RODE_IN_OPPOSING_TRAFFIC_LANE,NO_IMPROPER_ACTION
2654816,2,OTHER_97,-111.652817079566,35.1986358353928,3,Y_INTERSECTION,OTHER_97,FLAGSTAFF,2012-10-04 18:10:00,NO_IMPROPER_ACTION,OTHER_97
2654849,2,ANGLE_FRONT_TO_SIDE,-112.205916780604,33.6818212963717,2,UNKNOWN_99,ANGLE_FRONT_TO_SIDE,GLENDALE,2012-07-29 10:26:00,FAILED_TO_YIELD_RIGHT_OF_WAY_103,NO_IMPROPER_ACTION
2654871,2,ANGLE_FRONT_TO_SIDE,-111.659065696312,35.1929305733922,3,UNKNOWN_99,ANGLE_FRONT_TO_SIDE,FLAGSTAFF,2012-10-02 15:27:00,FAILED_TO_YIELD_RIGHT_OF_WAY_103,NO_IMPROPER_ACTION
2655138,2,ANGLE_FRONT_TO_SIDE,-111.783781681434,33.3209876821616,1,T_INTERSECTION,ANGLE_FRONT_TO_SIDE,GILBERT,2012-06-28 21:32:00,NO_IMPROPER_ACTION,INATTENTION_DISTRACTION
2655151,2,ANGLE_FRONT_TO_SIDE,-111.704934044304,33.3721309677783,4,FOUR_WAY_INTERSECTION,ANGLE_FRONT_TO_SIDE,GILBERT,2012-06-27 07:18:00,OTHER_97,NO_IMPROPER_ACTION
2655167,2,ANGLE_FRONT_TO_SIDE,-111.726541206957,33.3069209542747,3,T_INTERSECTION,ANGLE_FRONT_TO_SIDE,GILBERT,2012-10-03 06:46:00,DROVE_RODE_IN_OPPOSING_TRAFFIC_LANE,NO_IMPROPER_ACTION
2655174,2,LEFT_TURN,-112.069445555212,33.4801167998991,3,FOUR_WAY_INTERSECTION,LEFT_TURN,PHOENIX,2012-05-29 18:57:00,NO_IMPROPER_ACTION,INATTENTION_DISTRACTION
2655307,3,REAR_END,-112.188071561248,33.4659616783358,4,UNKNOWN_99,REAR_END,PHOENIX,2012-08-26 02:10:00,OTHER_97,SPEED_TOO_FAST_FOR_CONDITIONS+NOT_APPLICABLE_MINUS_1+NO_IMPROPER_ACTION
2655389,2,SIDESWIPE_OPPOSITE_DIRECTION,-111.693477631893,33.3505315753467,1,NOT_REPORTED_255,SIDESWIPE_OPPOSITE_DIRECTION,GILBERT,2012-09-27 07:49:00,NO_IMPROPER_ACTION,SPEED_TOO_FAST_FOR_CONDITIONS
2655446,2,ANGLE_FRONT_TO_SIDE,-111.960951588545,33.4260458241751,1,NOT_REPORTED_255,ANGLE_FRONT_TO_SIDE,TEMPE,2012-05-11 08:51:00,DROVE_RODE_IN_OPPOSING_TRAFFIC_LANE,NO_IMPROPER_ACTION
2655456,2,OTHER_97,-112.168160163499,33.3774657599498,2,FOUR_WAY_INTERSECTION,OTHER_97,PHOENIX,2012-08-16 22:13:00,NO_IMPROPER_ACTION,DISREGARDED_TRAFFIC_SIGNAL
2655591,2,ANGLE_FRONT_TO_SIDE,-111.926299437289,33.4218787491749,3,NOT_REPORTED_255,ANGLE_FRONT_TO_SIDE,TEMPE,2012-03-30 13:41:00,FAILED_TO_YIELD_RIGHT_OF_WAY_103,NO_IMPROPER_ACTION
2655610,2,ANGLE_FRONT_TO_SIDE,-111.929214370657,33.4147332906047,3,NOT_REPORTED_255,ANGLE_FRONT_TO_SIDE,TEMPE,2012-03-27 16:12:00,DISREGARDED_TRAFFIC_SIGNAL,NO_IMPROPER_ACTION
2655613,2,ANGLE_FRONT_TO_SIDE,-111.960804369135,33.4255777784763,4,FOUR_WAY_INTERSECTION,ANGLE_FRONT_TO_SIDE,TEMPE,2012-05-16 06:36:00,OTHER_97,NO_IMPROPER_ACTION
2655620,2,LEFT_TURN,-112.096571247388,33.5839073129984,4,FOUR_WAY_INTERSECTION,LEFT_TURN,PHOENIX,2012-08-12 20:30:00,NO_IMPROPER_ACTION,UNKNOWN_99
2655635,2,ANGLE_FRONT_TO_SIDE,-111.909111077164,33.4081833329764,2,NOT_REPORTED_255,ANGLE_FRONT_TO_SIDE,TEMPE,2012-04-26 06:47:00,NO_IMPROPER_ACTION,SPEED_TOO_FAST_FOR_CONDITIONS
2655718,2,SIDESWIPE_SAME_DIRECTION,-111.996275723945,33.4481308610658,4,UNKNOWN_99,SIDESWIPE_SAME_DIRECTION,PHOENIX,2012-08-20 07:46:00,NO_IMPROPER_ACTION,FAILED_TO_YIELD_RIGHT_OF_WAY_103
2655748,2,ANGLE_FRONT_TO_SIDE,-112.065200857694,33.5714000799525,3,FOUR_WAY_INTERSECTION,ANGLE_FRONT_TO_SIDE,PHOENIX,2012-08-23 16:00:00,DISREGARDED_TRAFFIC_SIGNAL,NO_IMPROPER_ACTION
2655755,2,LEFT_TURN,-111.946023597039,33.3636569715172,4,FOUR_WAY_INTERSECTION,LEFT_TURN,TEMPE,2012-05-04 07:00:00,NO_IMPROPER_ACTION,NOT_APPLICABLE_MINUS_1+FAILED_TO_YIELD_RIGHT_OF_WAY_103
2655761,2,SIDESWIPE_SAME_DIRECTION,-111.897711507539,33.4876217918077,3,T_INTERSECTION,SIDESWIPE_SAME_DIRECTION,SCOTTSDALE,2012-03-03 10:21:00,INATTENTION_DISTRACTION,NOT_APPLICABLE_MINUS_1+NO_IMPROPER_ACTION
2655763,2,OTHER_97,-111.029135125434,32.3374250815288,3,UNKNOWN_99,OTHER_97,UNSPECIFIED_999,2012-07-09 14:01:00,OTHER_97,NO_IMPROPER_ACTION
2655764,2,ANGLE_FRONT_TO_SIDE,-111.939656730964,33.4059471828936,2,T_INTERSECTION,ANGLE_FRONT_TO_SIDE,TEMPE,2012-06-26 07:39:00,OTHER_97,NO_IMPROPER_ACTION
2655776,2,ANGLE_FRONT_TO_SIDE,-111.926299500969,33.4216149095962,3,NOT_REPORTED_255,ANGLE_FRONT_TO_SIDE,TEMPE,2012-06-25 21:04:00,OTHER_97,INATTENTION_DISTRACTION
2655809,2,LEFT_TURN,-111.924382203663,33.4979293823382,3,FOUR_WAY_INTERSECTION,LEFT_TURN,SCOTTSDALE,2012-03-04 03:29:00,OTHER_97,NO_IMPROPER_ACTION
2655835,2,SIDESWIPE_SAME_DIRECTION,-111.92586835082,33.5251996594182,4,NOT_AT_INTERSECTION_0,SIDESWIPE_SAME_DIRECTION,SCOTTSDALE,2012-03-02 08:18:00,NO_IMPROPER_ACTION,SPEED_TOO_FAST_FOR_CONDITIONS
2655837,2,ANGLE_FRONT_TO_SIDE,-112.381190929325,33.6386575000656,1,FOUR_WAY_INTERSECTION,ANGLE_FRONT_TO_SIDE,SURPRISE,2012-06-21 10:36:00,FAILED_TO_YIELD_RIGHT_OF_WAY_103,NO_IMPROPER_ACTION
2655923,2,ANGLE_FRONT_TO_SIDE,-112.022631474162,33.4585688391511,3,T_INTERSECTION,ANGLE_FRONT_TO_SIDE,PHOENIX,2012-08-20 13:41:00,WALKED_ON_WRONG_SIDE_OF_ROAD,RAN_STOP_SIGN
2655956,2,ANGLE_FRONT_TO_SIDE,-112.392506920643,33.4527606992558,3,NOT_REPORTED_255,ANGLE_FRONT_TO_SIDE,GOODYEAR,2012-07-06 20:11:00,FAILED_TO_YIELD_RIGHT_OF_WAY_103,NO_IMPROPER_ACTION
2656082,2,ANGLE_FRONT_TO_SIDE,-111.657095697817,35.1849519373337,2,FOUR_WAY_INTERSECTION,ANGLE_FRONT_TO_SIDE,FLAGSTAFF,2012-08-13 13:19:00,INATTENTION_DISTRACTION,NOT_APPLICABLE_MINUS_1+INATTENTION_DISTRACTION
2656192,2,LEFT_TURN,-111.796861091607,34.87258591809,3,UNKNOWN_99,LEFT_TURN,SEDONA,2012-09-17 06:02:00,INATTENTION_DISTRACTION,INATTENTION_DISTRACTION
2656203,3,REAR_TO_SIDE,-112.07904207876,33.4079640545747,2,UNKNOWN_99,REAR_TO_SIDE,PHOENIX,2012-08-26 09:00:00,NO_IMPROPER_ACTION+NO_IMPROPER_ACTION,FAILED_TO_YIELD_RIGHT_OF_WAY_103+NOT_APPLICABLE_MINUS_1
2656262,2,OTHER_97,-112.138035186228,33.5819410126567,4,T_INTERSECTION,OTHER_97,PHOENIX,2012-08-22 08:20:00,OTHER_97,INATTENTION_DISTRACTION
2656396,2,OTHER_97,-110.956736680808,32.2301082957067,3,NOT_AT_INTERSECTION_0,OTHER_97,TUCSON,2012-10-09 18:22:00,INATTENTION_DISTRACTION,NO_IMPROPER_ACTION
2656401,2,ANGLE_FRONT_TO_SIDE,-111.917676243057,33.4219505780644,3,FOUR_WAY_INTERSECTION,ANGLE_FRONT_TO_SIDE,TEMPE,2012-08-27 13:35:00,OTHER_97,NO_IMPROPER_ACTION
2656432,2,REAR_END,-111.919752075562,33.3590251018497,3,NOT_AT_INTERSECTION_0,REAR_END,TEMPE,2012-09-20 09:00:00,NO_IMPROPER_ACTION,SPEED_TOO_FAST_FOR_CONDITIONS
2656438,2,ANGLE_FRONT_TO_SIDE,-111.911341302665,33.3543307692667,3,T_INTERSECTION,ANGLE_FRONT_TO_SIDE,TEMPE,2012-09-28 18:52:00,INATTENTION_DISTRACTION,NO_IMPROPER_ACTION
2656439,2,SIDESWIPE_SAME_DIRECTION,-111.924840873062,33.4147661843831,3,NOT_AT_INTERSECTION_0,SIDESWIPE_SAME_DIRECTION,TEMPE,2012-09-09 00:10:00,NO_IMPROPER_ACTION,OTHER_UNSAFE_PASSING
2656455,2,LEFT_TURN,-111.952211613601,33.4219070076761,3,FOUR_WAY_INTERSECTION,LEFT_TURN,TEMPE,2012-08-29 21:05:00,OTHER_97,NOT_APPLICABLE_MINUS_1+NOT_APPLICABLE_MINUS_1+NO_IMPROPER_ACTION
2656547,2,ANGLE_FRONT_TO_SIDE,-111.911150478878,33.3200471998786,2,FOUR_WAY_INTERSECTION,ANGLE_FRONT_TO_SIDE,CHANDLER,2012-07-18 14:07:00,OTHER_97,INATTENTION_DISTRACTION
2656572,2,ANGLE_FRONT_TO_SIDE,-111.840119690221,33.3097912755494,2,FOUR_WAY_INTERSECTION,ANGLE_FRONT_TO_SIDE,CHANDLER,2012-07-17 16:21:00,OTHER_97,NO_IMPROPER_ACTION
2656602,2,LEFT_TURN,-111.893254383247,33.8138093666163,3,T_INTERSECTION,LEFT_TURN,SCOTTSDALE,2012-02-26 11:39:00,NO_IMPROPER_ACTION,MADE_IMPROPER_TURN
2656616,2,ANGLE_FRONT_TO_SIDE,-111.794120864729,33.233675876589,2,UNKNOWN_99,ANGLE_FRONT_TO_SIDE,CHANDLER,2012-07-13 16:35:00,DISREGARDED_PAVEMENT_MARKINGS,NO_IMPROPER_ACTION
2656636,2,LEFT_TURN,-111.87638658424,33.3205794877335,4,FOUR_WAY_INTERSECTION,LEFT_TURN,CHANDLER,2012-07-11 22:23:00,UNKNOWN_99,NO_IMPROPER_ACTION
2656723,2,ANGLE_FRONT_TO_SIDE,-111.934965430085,33.4242524060006,3,FOUR_WAY_INTERSECTION,ANGLE_FRONT_TO_SIDE,TEMPE,2012-08-30 19:18:00,DROVE_RODE_IN_OPPOSING_TRAFFIC_LANE,NO_IMPROPER_ACTION
2656729,2,ANGLE_FRONT_TO_SIDE,-111.93935230164,33.3782075683466,2,FOUR_WAY_INTERSECTION,ANGLE_FRONT_TO_SIDE,TEMPE,2012-08-24 12:55:00,NO_IMPROPER_ACTION,INATTENTION_DISTRACTION
2656750,2,ANGLE_FRONT_TO_SIDE,-111.911182840404,33.3492762903171,1,FOUR_WAY_INTERSECTION,ANGLE_FRONT_TO_SIDE,TEMPE,2012-09-05 16:53:00,DROVE_RODE_IN_OPPOSING_TRAFFIC_LANE,NO_IMPROPER_ACTION
2656760,2,OTHER_97,-111.908794604977,33.4147558933322,2,UNKNOWN_99,OTHER_97,TEMPE,2012-09-14 18:00:00,DROVE_RODE_IN_OPPOSING_TRAFFIC_LANE,OTHER_97
2656764,2,REAR_END,-111.70903665115,33.2637738601596,3,UNKNOWN_99,REAR_END,GILBERT,2012-09-29 08:52:00,NO_IMPROPER_ACTION,NO_IMPROPER_ACTION+NOT_APPLICABLE_MINUS_1+NOT_APPLICABLE_MINUS_1
2656770,2,ANGLE_FRONT_TO_SIDE,-111.947036539835,33.4218968035876,3,UNKNOWN_99,ANGLE_FRONT_TO_SIDE,TEMPE,2012-08-24 21:52:00,OTHER_97,NOT_APPLICABLE_MINUS_1+NO_IMPROPER_ACTION
2656888,2,ANGLE_FRONT_TO_SIDE,-111.783244726079,33.4154018087495,4,T_INTERSECTION,ANGLE_FRONT_TO_SIDE,MESA,2012-09-07 16:40:00,NO_IMPROPER_ACTION,OTHER_97
2656896,2,ANGLE_FRONT_TO_SIDE,-111.788324276576,33.4044758146607,3,FOUR_WAY_INTERSECTION,ANGLE_FRONT_TO_SIDE,MESA,2012-10-12 06:50:00,DROVE_RODE_IN_OPPOSING_TRAFFIC_LANE,NO_IMPROPER_ACTION
2656905,2,LEFT_TURN,-111.658595065737,33.4369164336392,3,T_INTERSECTION,LEFT_TURN,MESA,2012-10-10 18:37:00,NO_IMPROPER_ACTION,OTHER_97
2656911,2,OTHER_97,-111.900485451761,33.4221034327683,2,FOUR_WAY_INTERSECTION,OTHER_97,TEMPE,2012-05-07 11:11:00,NO_IMPROPER_ACTION,INATTENTION_DISTRACTION
2656913,2,SIDESWIPE_SAME_DIRECTION,-111.864104530482,33.3786841844258,2,UNKNOWN_99,SIDESWIPE_SAME_DIRECTION,MESA,2012-10-08 20:12:00,NO_IMPROPER_ACTION,NO_IMPROPER_ACTION
2656922,2,ANGLE_FRONT_TO_SIDE,-111.840921443048,33.3790032090373,3,FOUR_WAY_INTERSECTION,ANGLE_FRONT_TO_SIDE,MESA,2012-10-04 15:19:00,OTHER_97,NO_IMPROPER_ACTION
2656942,2,OTHER_97,-111.876575018163,33.3628232466117,4,FOUR_WAY_INTERSECTION,OTHER_97,MESA,2012-10-11 12:37:00,INATTENTION_DISTRACTION,NO_IMPROPER_ACTION
2656982,2,OTHER_97,-111.777514330495,33.4226668175356,3,T_INTERSECTION,OTHER_97,MESA,2012-10-06 11:40:00,OTHER_97,NO_IMPROPER_ACTION
2656991,2,OTHER_97,-111.601146676582,33.3434848424039,2,T_INTERSECTION,OTHER_97,MESA,2012-10-04 18:36:00,OTHER_97,INATTENTION_DISTRACTION+NOT_APPLICABLE_MINUS_1
2657034,2,ANGLE_FRONT_TO_SIDE,-111.944808757567,33.4160575510355,1,NOT_REPORTED_255,ANGLE_FRONT_TO_SIDE,TEMPE,2012-09-27 16:50:00,FAILED_TO_YIELD_RIGHT_OF_WAY_103,NO_IMPROPER_ACTION+NOT_APPLICABLE_MINUS_1
2657039,2,ANGLE_FRONT_TO_SIDE,-111.926118682363,33.4128799079707,1,FOUR_WAY_INTERSECTION,ANGLE_FRONT_TO_SIDE,TEMPE,2012-09-26 09:27:00,OTHER_97,NO_IMPROPER_ACTION
2657041,2,ANGLE_FRONT_TO_SIDE,-111.969770074185,33.3784234798425,2,T_INTERSECTION,ANGLE_FRONT_TO_SIDE,TEMPE,2012-09-25 16:30:00,OTHER_97,UNKNOWN_99
2657042,2,ANGLE_FRONT_TO_SIDE,-110.698755766442,35.028964711701,3,FOUR_WAY_INTERSECTION,ANGLE_FRONT_TO_SIDE,WINSLOW,2012-08-09 16:44:00,RAN_STOP_SIGN,NO_IMPROPER_ACTION+NOT_APPLICABLE_MINUS_1+NOT_APPLICABLE_MINUS_1
2657045,2,ANGLE_FRONT_TO_SIDE,-111.926314499485,33.3935751580282,2,NOT_AT_INTERSECTION_0,ANGLE_FRONT_TO_SIDE,TEMPE,2012-09-10 13:02:00,NO_IMPROPER_ACTION,FAILED_TO_YIELD_RIGHT_OF_WAY_103
2657055,2,ANGLE_FRONT_TO_SIDE,-111.908444888278,33.4074967319179,3,NOT_AT_INTERSECTION_0,ANGLE_FRONT_TO_SIDE,TEMPE,2012-08-27 10:42:00,NO_IMPROPER_ACTION,FAILED_TO_YIELD_RIGHT_OF_WAY_103
2657091,2,SIDESWIPE_OPPOSITE_DIRECTION,-112.341494865251,34.6346451778535,3,NOT_AT_INTERSECTION_0,SIDESWIPE_OPPOSITE_DIRECTION,PRESCOTT VALLEY,2012-09-28 18:57:00,UNKNOWN_99,NO_IMPROPER_ACTION
2657270,2,SIDESWIPE_OPPOSITE_DIRECTION,0,0,3,T_INTERSECTION,SIDESWIPE_OPPOSITE_DIRECTION,UNSPECIFIED_999,2012-08-30 17:03:00,INATTENTION_DISTRACTION,NOT_APPLICABLE_MINUS_1+NOT_APPLICABLE_MINUS_1+NO_IMPROPER_ACTION+NOT_APPLICABLE_MINUS_1+NOT_APPLICABLE_MINUS_1
2657278,2,ANGLE_FRONT_TO_SIDE,-111.661353897224,35.180341299601,2,T_INTERSECTION,ANGLE_FRONT_TO_SIDE,FLAGSTAFF,2012-09-24 09:15:00,OTHER_97,UNKNOWN_99
2657318,2,ANGLE_FRONT_TO_SIDE,-111.773000741169,33.3500839100392,3,FOUR_WAY_INTERSECTION,ANGLE_FRONT_TO_SIDE,GILBERT,2012-10-12 13:00:00,NO_IMPROPER_ACTION,NOT_APPLICABLE_MINUS_1+INATTENTION_DISTRACTION
2657359,2,OTHER_97,-112.082825856667,33.4730240357609,3,FOUR_WAY_INTERSECTION,OTHER_97,PHOENIX,2012-09-01 19:00:00,NO_IMPROPER_ACTION,FAILED_TO_YIELD_RIGHT_OF_WAY_103
2657372,2,OTHER_97,-111.992016746011,33.4512191941371,2,NOT_AT_INTERSECTION_0,OTHER_97,PHOENIX,2012-07-30 14:00:00,NO_IMPROPER_ACTION,FAILED_TO_YIELD_RIGHT_OF_WAY_103