IncidentID,num_vehicles_involved,eCollisionManner,Longitude,Latitude,InjurySeverity,eIntersectionType,eCollisionManner,city_name,IncidentDateTime,cyclist_citations,driver_citations
2657403,2,ANGLE_FRONT_TO_SIDE,-112.060829236998,33.4972703640263,2,UNKNOWN_99,ANGLE_FRONT_TO_SIDE,PHOENIX,2012-09-04 17:34:00,FAILED_TO_YIELD_RIGHT_OF_WAY_103,NO_IMPROPER_ACTION
2657416,2,ANGLE_FRONT_TO_SIDE,-112.220457539564,33.4632847290102,3,FOUR_WAY_INTERSECTION,ANGLE_FRONT_TO_SIDE,PHOENIX,2012-09-06 05:50:00,DROVE_RODE_IN_OPPOSING_TRAFFIC_LANE,INATTENTION_DISTRACTION
2657448,3,SIDESWIPE_SAME_DIRECTION,-112.122023893392,33.5094576616041,3,T_INTERSECTION,SIDESWIPE_SAME_DIRECTION,PHOENIX,2012-08-30 11:18:00,EXCEEDED_LAWFUL_SPEED+EXCEEDED_LAWFUL_SPEED,NO_IMPROPER_ACTION
2657529,2,ANGLE_FRONT_TO_SIDE,-112.069423849472,33.4658443957705,2,UNKNOWN_99,ANGLE_FRONT_TO_SIDE,PHOENIX,2012-09-04 08:07:00,OTHER_97,NO_IMPROPER_ACTION
2657537,2,ANGLE_FRONT_TO_SIDE,-112.028552729317,33.6313959371711,3,FOUR_WAY_INTERSECTION,ANGLE_FRONT_TO_SIDE,PHOENIX,2012-08-20 04:27:00,OTHER_97,UNSAFE_LANE_CHANGE
2657556,2,ANGLE_FRONT_TO_SIDE,-112.062861888408,33.4949108316183,3,T_INTERSECTION,ANGLE_FRONT_TO_SIDE,PHOENIX,2012-08-30 16:19:00,OTHER_97,NO_IMPROPER_ACTION
2657571,2,ANGLE_FRONT_TO_SIDE,-112.013353969056,33.6263538997901,1,FOUR_WAY_INTERSECTION,ANGLE_FRONT_TO_SIDE,PHOENIX,2012-09-04 14:45:00,FAILED_TO_YIELD_RIGHT_OF_WAY_103,NO_IMPROPER_ACTION
2657764,2,ANGLE_FRONT_TO_SIDE,-111.630072083214,35.1915010755406,1,T_INTERSECTION,ANGLE_FRONT_TO_SIDE,UNSPECIFIED_999,2012-10-09 17:46:00,DROVE_RODE_IN_OPPOSING_TRAFFIC_LANE,INATTENTION_DISTRACTION
2657861,2,ANGLE_FRONT_TO_SIDE,-111.929493575777,33.4184173087395,3,NOT_AT_INTERSECTION_0,ANGLE_FRONT_TO_SIDE,TEMPE,2012-02-21 16:35:00,INATTENTION_DISTRACTION,INATTENTION_DISTRACTION
2657873,2,OTHER_97,-111.934944022753,33.4146797098072,3,T_INTERSECTION,OTHER_97,TEMPE,2012-03-01 17:30:00,DROVE_RODE_IN_OPPOSING_TRAFFIC_LANE,NO_IMPROPER_ACTION
2657903,2,ANGLE_FRONT_TO_SIDE,-111.72976709678,33.3214348717864,3,FOUR_WAY_INTERSECTION,ANGLE_FRONT_TO_SIDE,GILBERT,2012-10-10 18:18:00,DISREGARDED_TRAFFIC_SIGNAL,NO_IMPROPER_ACTION
2657937,2,ANGLE_FRONT_TO_SIDE,-111.939444271531,33.4190646641508,3,UNKNOWN_99,ANGLE_FRONT_TO_SIDE,TEMPE,2012-03-15 15:32:00,NO_IMPROPER_ACTION,INATTENTION_DISTRACTION
2657940,2,HEAD_ON,-111.93483319746,33.4161101185543,3,T_INTERSECTION,HEAD_ON,TEMPE,2012-04-06 17:40:00,DROVE_RODE_IN_OPPOSING_TRAFFIC_LANE,INATTENTION_DISTRACTION
2657947,2,LEFT_TURN,-111.933263057307,33.4161146122263,2,UNKNOWN_99,LEFT_TURN,TEMPE,2012-08-29 16:50:00,NO_IMPROPER_ACTION,INATTENTION_DISTRACTION
2657973,2,ANGLE_FRONT_TO_SIDE,-111.917676267917,33.4219230959138,1,FOUR_WAY_INTERSECTION,ANGLE_FRONT_TO_SIDE,TEMPE,2012-10-04 12:33:00,DROVE_RODE_IN_OPPOSING_TRAFFIC_LANE,NO_IMPROPER_ACTION
2658006,2,LEFT_TURN,-112.28600150497,33.713678192001,4,T_INTERSECTION,LEFT_TURN,PEORIA,2012-10-09 07:02:00,NO_IMPROPER_ACTION,FAILED_TO_YIELD_RIGHT_OF_WAY_103
2658102,3,ANGLE_FRONT_TO_SIDE,-112.24632760896,33.6381362237787,3,FOUR_WAY_INTERSECTION,ANGLE_FRONT_TO_SIDE,PEORIA,2012-10-06 14:56:00,NO_IMPROPER_ACTION,INATTENTION_DISTRACTION
2658153,2,ANGLE_FRONT_TO_SIDE,-112.256078302793,33.5662498213478,3,T_INTERSECTION,ANGLE_FRONT_TO_SIDE,PEORIA,2012-10-10 14:56:00,FAILED_TO_KEEP_IN_PROPER_LANE,NO_IMPROPER_ACTION+NOT_APPLICABLE_MINUS_1
2658204,2,UNKNOWN_99,-111.650985227597,35.1909092141638,3,FOUR_WAY_INTERSECTION,UNKNOWN_99,FLAGSTAFF,2012-09-07 11:30:00,NO_IMPROPER_ACTION,NO_IMPROPER_ACTION
2658206,2,ANGLE_FRONT_TO_SIDE,-111.577386738021,35.2311582596704,3,T_INTERSECTION,ANGLE_FRONT_TO_SIDE,FLAGSTAFF,2012-10-11 18:29:00,DROVE_RODE_IN_OPPOSING_TRAFFIC_LANE,NO_IMPROPER_ACTION
2658208,2,ANGLE_FRONT_TO_SIDE,-111.65137650169,35.1982159223929,2,T_INTERSECTION,ANGLE_FRONT_TO_SIDE,FLAGSTAFF,2012-10-01 17:19:00,FAILED_TO_YIELD_RIGHT_OF_WAY_103,NO_IMPROPER_ACTION
2658231,2,ANGLE_FRONT_TO_SIDE,-111.644608012428,35.1992999416194,2,FOUR_WAY_INTERSECTION,ANGLE_FRONT_TO_SIDE,FLAGSTAFF,2012-10-09 15:30:00,NO_IMPROPER_ACTION,NOT_APPLICABLE_MINUS_1+NOT_APPLICABLE_MINUS_1+FAILED_TO_YIELD_RIGHT_OF_WAY_103
2658381,2,REAR_END,-112.289816238676,33.4644751623896,3,NOT_AT_INTERSECTION_0,REAR_END,AVONDALE,2012-10-04 06:20:00,NO_IMPROPER_ACTION,NOT_APPLICABLE_MINUS_1+UNKNOWN_99
2658413,2,OTHER_97,-111.615371126403,33.4005869842097,2,FOUR_WAY_INTERSECTION,OTHER_97,MESA,2012-10-18 08:04:00,FAILED_TO_YIELD_RIGHT_OF_WAY_103,NOT_APPLICABLE_MINUS_1+FAILED_TO_YIELD_RIGHT_OF_WAY_103
2658439,2,REAR_END,-111.787277633865,33.3842293840191,2,FOUR_WAY_INTERSECTION,REAR_END,MESA,2012-10-09 16:53:00,NO_IMPROPER_ACTION,NOT_APPLICABLE_MINUS_1+OTHER_97
2658507,2,OTHER_97,-111.705203116619,33.3814128148879,2,FOUR_WAY_INTERSECTION,OTHER_97,MESA,2012-10-16 06:36:00,NO_IMPROPER_ACTION,OTHER_97
2658539,2,OTHER_97,-109.972378034172,34.1619732404284,3,NOT_AT_INTERSECTION_0,OTHER_97,PINETOP,2012-09-10 06:54:00,FAILED_TO_KEEP_IN_PROPER_LANE,NO_IMPROPER_ACTION+NOT_APPLICABLE_MINUS_1
2658731,2,ANGLE_FRONT_TO_SIDE,-111.75565501791,33.3340453678936,2,NOT_REPORTED_255,ANGLE_FRONT_TO_SIDE,GILBERT,2012-10-16 18:18:00,NO_IMPROPER_ACTION,NO_IMPROPER_ACTION
2658751,2,ANGLE_FRONT_TO_SIDE,-111.721101017496,33.3069619835165,3,FOUR_WAY_INTERSECTION,ANGLE_FRONT_TO_SIDE,GILBERT,2012-10-16 15:50:00,DISREGARDED_TRAFFIC_SIGNAL,NO_IMPROPER_ACTION
2658783,2,ANGLE_FRONT_TO_SIDE,-112.290222523333,33.4936205457014,2,FOUR_WAY_INTERSECTION,ANGLE_FRONT_TO_SIDE,UNSPECIFIED_999,2012-08-24 08:26:00,UNKNOWN_99,UNKNOWN_99
2658904,2,LEFT_TURN,-112.29010711921,33.4881324463228,3,FOUR_WAY_INTERSECTION,LEFT_TURN,AVONDALE,2012-10-14 15:09:00,FAILED_TO_YIELD_RIGHT_OF_WAY_103,NOT_APPLICABLE_MINUS_1+NO_IMPROPER_ACTION
2658947,2,ANGLE_FRONT_TO_SIDE,-112.116952548467,33.5166902202964,3,FOUR_WAY_INTERSECTION,ANGLE_FRONT_TO_SIDE,PHOENIX,2012-09-11 15:36:00,DISREGARDED_TRAFFIC_SIGNAL,NO_IMPROPER_ACTION
2658978,2,ANGLE_FRONT_TO_SIDE,-112.151370614481,33.5239160648564,1,FOUR_WAY_INTERSECTION,ANGLE_FRONT_TO_SIDE,PHOENIX,2012-09-14 07:34:00,NO_IMPROPER_ACTION,FAILED_TO_YIELD_RIGHT_OF_WAY_103+NOT_APPLICABLE_MINUS_1+NOT_APPLICABLE_MINUS_1
2658987,2,SIDESWIPE_OPPOSITE_DIRECTION,-112.124266219502,33.5963978376845,4,NOT_AT_INTERSECTION_0,SIDESWIPE_OPPOSITE_DIRECTION,PHOENIX,2012-09-13 17:17:00,DROVE_RODE_IN_OPPOSING_TRAFFIC_LANE,NO_IMPROPER_ACTION
2659181,2,ANGLE_FRONT_TO_SIDE,-110.995831703192,32.3900757005515,2,T_INTERSECTION,ANGLE_FRONT_TO_SIDE,ORO VALLEY,2012-10-10 05:43:00,NO_IMPROPER_ACTION,FAILED_TO_YIELD_RIGHT_OF_WAY_103
2659190,2,LEFT_TURN,-111.868227289528,33.5762315889375,3,FOUR_WAY_INTERSECTION,LEFT_TURN,SCOTTSDALE,2012-09-16 06:45:00,NO_IMPROPER_ACTION,NO_IMPROPER_ACTION
2659198,2,ANGLE_FRONT_TO_SIDE,-111.93469993592,33.5021278120824,2,FOUR_WAY_INTERSECTION,ANGLE_FRONT_TO_SIDE,SCOTTSDALE,2012-09-17 19:04:00,OTHER_97,NO_IMPROPER_ACTION
2659208,2,ANGLE_FRONT_TO_SIDE,-110.959603613679,32.4048001420747,2,T_INTERSECTION,ANGLE_FRONT_TO_SIDE,ORO VALLEY,2012-10-01 18:58:00,NO_IMPROPER_ACTION,FAILED_TO_YIELD_RIGHT_OF_WAY_103
2659226,2,LEFT_TURN,-112.116903256727,33.5240146112815,3,FOUR_WAY_INTERSECTION,LEFT_TURN,PHOENIX,2012-09-11 12:31:00,DISREGARDED_TRAFFIC_SIGNAL,NO_IMPROPER_ACTION
2659268,2,ANGLE_FRONT_TO_SIDE,-112.028689385643,33.6405174297259,3,T_INTERSECTION,ANGLE_FRONT_TO_SIDE,PHOENIX,2012-09-04 07:40:00,OTHER_97,NOT_APPLICABLE_MINUS_1+NO_IMPROPER_ACTION+NOT_APPLICABLE_MINUS_1
2659276,2,SIDESWIPE_SAME_DIRECTION,-112.056285996813,33.5379139364609,2,FOUR_WAY_INTERSECTION,SIDESWIPE_SAME_DIRECTION,PHOENIX,2012-09-04 16:02:00,FAILED_TO_YIELD_RIGHT_OF_WAY_103,NO_IMPROPER_ACTION
2659300,2,OTHER_97,-112.117527112776,33.8439201505886,3,UNKNOWN_99,OTHER_97,UNSPECIFIED_999,2012-09-21 17:49:00,OTHER_97,OTHER_97
2659319,2,ANGLE_FRONT_TO_SIDE,-111.999851036406,33.4804660324929,3,FOUR_WAY_INTERSECTION,ANGLE_FRONT_TO_SIDE,PHOENIX,2012-09-08 05:20:00,NO_IMPROPER_ACTION,DISREGARDED_TRAFFIC_SIGNAL
2659515,2,ANGLE_FRONT_TO_SIDE,-112.116837908809,33.5167801313603,3,FOUR_WAY_INTERSECTION,ANGLE_FRONT_TO_SIDE,PHOENIX,2012-09-12 11:19:00,FAILED_TO_YIELD_RIGHT_OF_WAY_103,NO_IMPROPER_ACTION
2659738,2,ANGLE_FRONT_TO_SIDE,-111.932645726518,33.319996822753,2,FOUR_WAY_INTERSECTION,ANGLE_FRONT_TO_SIDE,TEMPE,2012-07-25 13:52:00,DROVE_RODE_IN_OPPOSING_TRAFFIC_LANE,NO_IMPROPER_ACTION
2659744,2,SIDESWIPE_SAME_DIRECTION,-111.789493947328,33.2536015017635,4,UNKNOWN_99,SIDESWIPE_SAME_DIRECTION,CHANDLER,2012-07-25 20:15:00,NO_IMPROPER_ACTION,SPEED_TOO_FAST_FOR_CONDITIONS
2659824,2,UNKNOWN_99,-112.468378235692,34.5399992828903,1,NOT_AT_INTERSECTION_0,UNKNOWN_99,PRESCOTT,2012-10-22 17:18:00,INATTENTION_DISTRACTION,NO_IMPROPER_ACTION
2659886,2,SIDESWIPE_SAME_DIRECTION,-111.905927400446,33.3055185613357,3,T_INTERSECTION,SIDESWIPE_SAME_DIRECTION,CHANDLER,2012-07-23 14:17:00,NO_IMPROPER_ACTION,INATTENTION_DISTRACTION
2659887,2,ANGLE_FRONT_TO_SIDE,-111.824063963876,33.2478162767964,2,FOUR_WAY_INTERSECTION,ANGLE_FRONT_TO_SIDE,CHANDLER,2012-07-23 15:23:00,NO_IMPROPER_ACTION,INATTENTION_DISTRACTION
2659899,2,ANGLE_FRONT_TO_SIDE,-111.841511018533,33.3134200758724,1,FOUR_WAY_INTERSECTION,ANGLE_FRONT_TO_SIDE,CHANDLER,2012-07-31 08:57:00,DROVE_RODE_IN_OPPOSING_TRAFFIC_LANE,NO_IMPROPER_ACTION
2659919,2,SIDESWIPE_SAME_DIRECTION,-111.876208029824,33.281030779891,3,NOT_AT_INTERSECTION_0,SIDESWIPE_SAME_DIRECTION,CHANDLER,2012-07-31 17:32:00,NO_IMPROPER_ACTION,FAILED_TO_KEEP_IN_PROPER_LANE
2659923,2,ANGLE_FRONT_TO_SIDE,-111.987063910997,33.4693100708359,4,FOUR_WAY_INTERSECTION,ANGLE_FRONT_TO_SIDE,PHOENIX,2012-09-08 19:36:00,DID_NOT_USE_CROSSWALK,NO_IMPROPER_ACTION
2659928,3,ANGLE_FRONT_TO_SIDE,-111.841673382607,33.3401740484011,3,T_INTERSECTION,ANGLE_FRONT_TO_SIDE,CHANDLER,2012-07-26 13:59:00,DROVE_RODE_IN_OPPOSING_TRAFFIC_LANE+DROVE_RODE_IN_OPPOSING_TRAFFIC_LANE,NO_IMPROPER_ACTION
2660310,2,ANGLE_FRONT_TO_SIDE,0,0,1,T_INTERSECTION,ANGLE_FRONT_TO_SIDE,FLAGSTAFF,2012-10-16 07:55:00,INATTENTION_DISTRACTION,FAILED_TO_YIELD_RIGHT_OF_WAY_103
2660328,2,ANGLE_FRONT_TO_SIDE,-111.664695734878,35.1678038584531,1,NOT_REPORTED_255,ANGLE_FRONT_TO_SIDE,FLAGSTAFF,2012-10-18 18:34:00,UNKNOWN_99,FAILED_TO_YIELD_RIGHT_OF_WAY_103
2660346,2,ANGLE_FRONT_TO_SIDE,-111.661565696454,35.1884892111804,2,NOT_AT_INTERSECTION_0,ANGLE_FRONT_TO_SIDE,FLAGSTAFF,2012-10-25 06:36:00,NO_IMPROPER_ACTION,FAILED_TO_YIELD_RIGHT_OF_WAY_103
2660396,2,OTHER_97,-112.012903175386,33.450881375224,1,NOT_AT_INTERSECTION_0,OTHER_97,PHOENIX,2012-09-13 16:10:00,NO_IMPROPER_ACTION,FAILED_TO_YIELD_RIGHT_OF_WAY_103
2660491,2,REAR_END,-112.036420196402,33.5967826519607,3,NOT_AT_INTERSECTION_0,REAR_END,PHOENIX,2012-09-06 09:42:00,NO_IMPROPER_ACTION,FAILED_TO_YIELD_RIGHT_OF_WAY_103
2660506,2,ANGLE_FRONT_TO_SIDE,-112.064854934719,33.5164828588011,3,FOUR_WAY_INTERSECTION,ANGLE_FRONT_TO_SIDE,PHOENIX,2012-09-11 15:00:00,OTHER_97,NO_IMPROPER_ACTION
2660635,2,ANGLE_FRONT_TO_SIDE,-112.087048362975,33.3631270516286,3,NOT_REPORTED_255,ANGLE_FRONT_TO_SIDE,PHOENIX,2012-09-19 07:01:00,DROVE_RODE_IN_OPPOSING_TRAFFIC_LANE,INATTENTION_DISTRACTION
2660705,2,OTHER_97,-112.048754064678,33.4802202616854,2,UNKNOWN_99,OTHER_97,PHOENIX,2012-09-20 17:00:00,NO_IMPROPER_ACTION,FAILED_TO_YIELD_RIGHT_OF_WAY_103
2660825,2,ANGLE_FRONT_TO_SIDE,-112.16810685711,33.6545135630755,3,T_INTERSECTION,ANGLE_FRONT_TO_SIDE,PHOENIX,2012-09-18 07:51:00,NO_IMPROPER_ACTION,INATTENTION_DISTRACTION+NOT_APPLICABLE_MINUS_1
2660962,2,LEFT_TURN,-111.217688363375,32.1149501629269,3,T_INTERSECTION,LEFT_TURN,UNSPECIFIED_999,2012-10-19 08:11:00,NO_IMPROPER_ACTION,MADE_IMPROPER_TURN
2661191,2,ANGLE_FRONT_TO_SIDE,-112.129950889935,33.494950981034,2,T_INTERSECTION,ANGLE_FRONT_TO_SIDE,PHOENIX,2012-09-05 19:29:00,DISREGARDED_TRAFFIC_SIGNAL,UNKNOWN_99
2661364,2,ANGLE_FRONT_TO_SIDE,-110.257367183796,31.5285210687237,2,FOUR_WAY_INTERSECTION,ANGLE_FRONT_TO_SIDE,SIERRA VISTA,2012-08-30 11:48:00,NO_IMPROPER_ACTION,FAILED_TO_YIELD_RIGHT_OF_WAY_103
2661445,2,SIDESWIPE_OPPOSITE_DIRECTION,-111.772677348913,33.2630626369623,3,FOUR_WAY_INTERSECTION,SIDESWIPE_OPPOSITE_DIRECTION,GILBERT,2012-10-20 15:50:00,DISREGARDED_TRAFFIC_SIGNAL,NO_IMPROPER_ACTION+NOT_APPLICABLE_MINUS_1+NOT_APPLICABLE_MINUS_1+NOT_APPLICABLE_MINUS_1
2661564,2,ANGLE_FRONT_TO_SIDE,-111.017842045593,32.3373079695707,3,T_INTERSECTION,ANGLE_FRONT_TO_SIDE,UNSPECIFIED_999,2012-10-12 11:43:00,OTHER_97,NO_IMPROPER_ACTION
2661618,2,ANGLE_FRONT_TO_SIDE,-110.989710690004,32.2793699926376,3,FOUR_WAY_INTERSECTION,ANGLE_FRONT_TO_SIDE,UNSPECIFIED_999,2012-09-25 11:37:00,INATTENTION_DISTRACTION,NO_IMPROPER_ACTION
2661685,2,SIDESWIPE_SAME_DIRECTION,-110.958464147981,32.3372670418639,3,UNKNOWN_99,SIDESWIPE_SAME_DIRECTION,UNSPECIFIED_999,2012-09-27 07:36:00,NO_IMPROPER_ACTION,INATTENTION_DISTRACTION
2661693,2,SIDESWIPE_SAME_DIRECTION,-111.017942558991,32.2943216505551,1,T_INTERSECTION,SIDESWIPE_SAME_DIRECTION,UNSPECIFIED_999,2012-09-20 18:55:00,NO_IMPROPER_ACTION,FAILED_TO_YIELD_RIGHT_OF_WAY_103
2661698,2,SIDESWIPE_SAME_DIRECTION,-110.844709454189,32.3088701285293,3,NOT_REPORTED_255,SIDESWIPE_SAME_DIRECTION,UNSPECIFIED_999,2012-09-02 07:08:00,NO_IMPROPER_ACTION,INATTENTION_DISTRACTION
2661703,2,ANGLE_FRONT_TO_SIDE,-111.011085963751,32.2943312472462,3,FOUR_WAY_INTERSECTION,ANGLE_FRONT_TO_SIDE,UNSPECIFIED_999,2012-10-17 20:38:00,DID_NOT_USE_CROSSWALK,NO_IMPROPER_ACTION
2662086,2,LEFT_TURN,-111.772999310261,33.3500706102575,3,FOUR_WAY_INTERSECTION,LEFT_TURN,GILBERT,2012-10-25 06:11:00,NO_IMPROPER_ACTION,INATTENTION_DISTRACTION
2662095,2,SIDESWIPE_SAME_DIRECTION,-111.646452809135,35.2060743145308,1,UNKNOWN_99,SIDESWIPE_SAME_DIRECTION,FLAGSTAFF,2012-10-26 09:48:00,NO_IMPROPER_ACTION,OTHER_UNSAFE_PASSING+NOT_APPLICABLE_MINUS_1
2662231,2,ANGLE_FRONT_TO_SIDE,-111.459809830269,36.9188469232805,2,FOUR_WAY_INTERSECTION,ANGLE_FRONT_TO_SIDE,PAGE,2012-10-21 18:37:00,INATTENTION_DISTRACTION,NO_IMPROPER_ACTION
2662382,2,OTHER_97,-110.181690017053,31.5503049644921,5,NOT_AT_INTERSECTION_0,OTHER_97,UNSPECIFIED_999,2012-09-30 10:14:00,NO_IMPROPER_ACTION,INATTENTION_DISTRACTION
2662428,2,ANGLE_FRONT_TO_SIDE,-111.701610858661,33.4446197516871,2,FOUR_WAY_INTERSECTION,ANGLE_FRONT_TO_SIDE,MESA,2012-10-23 11:30:00,NO_IMPROPER_ACTION,MADE_IMPROPER_TURN
2662458,2,ANGLE_FRONT_TO_SIDE,-110.99585394364,32.4063630733909,2,UNKNOWN_99,ANGLE_FRONT_TO_SIDE,ORO VALLEY,2012-10-30 16:50:00,NO_IMPROPER_ACTION,NOT_APPLICABLE_MINUS_1+RAN_STOP_SIGN
2662485,2,LEFT_TURN,-110.995771007221,32.4097779199393,3,FOUR_WAY_INTERSECTION,LEFT_TURN,ORO VALLEY,2012-10-31 09:21:00,OTHER_97,NOT_APPLICABLE_MINUS_1+NO_IMPROPER_ACTION
2662523,2,HEAD_ON,-111.900543274415,33.3929758324539,2,FOUR_WAY_INTERSECTION,HEAD_ON,TEMPE,2012-08-03 05:47:00,DISREGARDED_TRAFFIC_SIGNAL,NO_IMPROPER_ACTION
2662566,2,ANGLE_FRONT_TO_SIDE,-111.694707012791,33.4663280079502,2,FOUR_WAY_INTERSECTION,ANGLE_FRONT_TO_SIDE,MESA,2012-10-22 13:35:00,INATTENTION_DISTRACTION,NO_IMPROPER_ACTION
2662626,2,ANGLE_FRONT_TO_SIDE,-111.896012378354,33.3638432508486,3,NOT_AT_INTERSECTION_0,ANGLE_FRONT_TO_SIDE,TEMPE,2012-08-14 08:04:00,NO_IMPROPER_ACTION,NOT_APPLICABLE_MINUS_1+NOT_APPLICABLE_MINUS_1+FAILED_TO_YIELD_RIGHT_OF_WAY_103+NOT_APPLICABLE_MINUS_1
2662632,2,ANGLE_FRONT_TO_SIDE,-111.94584501134,33.3582169282474,2,FOUR_WAY_INTERSECTION,ANGLE_FRONT_TO_SIDE,TEMPE,2012-08-14 07:30:00,INATTENTION_DISTRACTION,NO_IMPROPER_ACTION
2662633,2,ANGLE_FRONT_TO_SIDE,-111.839911346806,33.4129423095844,1,T_INTERSECTION,ANGLE_FRONT_TO_SIDE,MESA,2012-10-18 07:18:00,UNKNOWN_99,NO_IMPROPER_ACTION
2662674,2,ANGLE_FRONT_TO_SIDE,-111.773329205677,33.3645978312316,4,FOUR_WAY_INTERSECTION,ANGLE_FRONT_TO_SIDE,GILBERT,2012-11-02 14:14:00,NO_IMPROPER_ACTION,FAILED_TO_YIELD_RIGHT_OF_WAY_103
2662787,2,LEFT_TURN,-112.203035592321,33.6719380065625,3,FOUR_WAY_INTERSECTION,LEFT_TURN,GLENDALE,2012-09-02 16:52:00,DISREGARDED_PAVEMENT_MARKINGS,NO_IMPROPER_ACTION
2662789,2,ANGLE_FRONT_TO_SIDE,-112.186270272615,33.5672958762222,1,UNKNOWN_99,ANGLE_FRONT_TO_SIDE,GLENDALE,2012-09-01 15:08:00,OTHER_97,FAILED_TO_YIELD_RIGHT_OF_WAY_103
2662810,2,REAR_TO_SIDE,-112.186798609788,33.5385754440025,2,FIVE_POINT_OR_MORE,REAR_TO_SIDE,GLENDALE,2012-08-31 20:27:00,NO_IMPROPER_ACTION,NOT_APPLICABLE_MINUS_1+NOT_APPLICABLE_MINUS_1+INATTENTION_DISTRACTION
2662895,2,ANGLE_FRONT_TO_SIDE,-112.186123116189,33.5819280911971,3,FOUR_WAY_INTERSECTION,ANGLE_FRONT_TO_SIDE,GLENDALE,2012-08-30 15:36:00,DROVE_RODE_IN_OPPOSING_TRAFFIC_LANE,INATTENTION_DISTRACTION
2662899,2,ANGLE_FRONT_TO_SIDE,-112.202801721879,33.5853370394875,1,FOUR_WAY_INTERSECTION,ANGLE_FRONT_TO_SIDE,GLENDALE,2012-09-06 15:48:00,FAILED_TO_YIELD_RIGHT_OF_WAY_103,NO_IMPROPER_ACTION
2662957,2,ANGLE_FRONT_TO_SIDE,-111.814238405449,33.3788792220156,3,FOUR_WAY_INTERSECTION,ANGLE_FRONT_TO_SIDE,GILBERT,2012-10-24 15:49:00,OTHER_97,OTHER_97
2662960,2,LEFT_TURN,-112.20305583694,33.5383749728266,2,FOUR_WAY_INTERSECTION,LEFT_TURN,GLENDALE,2012-09-07 20:49:00,DISREGARDED_TRAFFIC_SIGNAL,NO_IMPROPER_ACTION
2662980,2,ANGLE_FRONT_TO_SIDE,-111.926284683281,33.415718781075,1,UNKNOWN_99,ANGLE_FRONT_TO_SIDE,TEMPE,2012-10-28 18:48:00,NO_IMPROPER_ACTION,SPEED_TOO_FAST_FOR_CONDITIONS
2662996,2,ANGLE_FRONT_TO_SIDE,-111.648584127262,35.2041722031428,1,T_INTERSECTION,ANGLE_FRONT_TO_SIDE,FLAGSTAFF,2012-10-22 21:15:00,INATTENTION_DISTRACTION,NO_IMPROPER_ACTION
2663010,2,UNKNOWN_99,-111.92892799007,33.4220159333696,3,UNKNOWN_99,UNKNOWN_99,TEMPE,2012-10-12 16:30:00,NO_IMPROPER_ACTION,MADE_IMPROPER_TURN
2663018,2,ANGLE_FRONT_TO_SIDE,-111.94058378338,33.4254981888363,2,FOUR_WAY_INTERSECTION,ANGLE_FRONT_TO_SIDE,TEMPE,2012-10-16 17:30:00,NO_IMPROPER_ACTION,FAILED_TO_YIELD_RIGHT_OF_WAY_103
2663026,2,ANGLE_FRONT_TO_SIDE,-112.194781796624,33.5818301877452,3,FOUR_WAY_INTERSECTION,ANGLE_FRONT_TO_SIDE,GLENDALE,2012-09-09 15:46:00,UNKNOWN_99,UNKNOWN_99
2663452,2,ANGLE_FRONT_TO_SIDE,-112.188255908431,33.5240502142626,2,UNKNOWN_99,ANGLE_FRONT_TO_SIDE,GLENDALE,2012-08-20 16:10:00,NO_IMPROPER_ACTION,FAILED_TO_YIELD_RIGHT_OF_WAY_103
2663488,2,ANGLE_FRONT_TO_SIDE,-111.943671182063,33.3928337727437,1,UNKNOWN_99,ANGLE_FRONT_TO_SIDE,TEMPE,2012-10-24 17:29:00,FAILED_TO_YIELD_RIGHT_OF_WAY_103,NO_IMPROPER_ACTION
2663588,2,OTHER_97,-112.220459549992,33.5379303606081,1,FOUR_WAY_INTERSECTION,OTHER_97,GLENDALE,2012-09-06 19:15:00,OTHER_97,NO_IMPROPER_ACTION
2663606,2,LEFT_TURN,-111.926449993513,33.3949868688371,4,FOUR_WAY_INTERSECTION,LEFT_TURN,TEMPE,2012-08-24 16:21:00,DROVE_RODE_IN_OPPOSING_TRAFFIC_LANE,NOT_APPLICABLE_MINUS_1+NO_IMPROPER_ACTION
2663657,2,ANGLE_FRONT_TO_SIDE,-112.151550600415,33.5128256941694,3,T_INTERSECTION,ANGLE_FRONT_TO_SIDE,PHOENIX,2012-09-30 10:30:00,OTHER_97,RAN_STOP_SIGN
2663684,2,ANGLE_FRONT_TO_SIDE,-112.220561135553,33.472932459744,2,FOUR_WAY_INTERSECTION,ANGLE_FRONT_TO_SIDE,PHOENIX,2012-09-24 10:08:00,FAILED_TO_YIELD_RIGHT_OF_WAY_103,NO_IMPROPER_ACTION
2663692,2,ANGLE_FRONT_TO_SIDE,-112.1602235005,33.5530995714752,4,FOUR_WAY_INTERSECTION,ANGLE_FRONT_TO_SIDE,GLENDALE,2012-09-26 09:02:00,DISREGARDED_TRAFFIC_SIGNAL,NO_IMPROPER_ACTION
2663702,2,ANGLE_FRONT_TO_SIDE,-111.955752913811,33.4509992390825,3,FOUR_WAY_INTERSECTION,ANGLE_FRONT_TO_SIDE,PHOENIX,2012-09-29 09:58:00,OTHER_97,NO_IMPROPER_ACTION
2663708,2,LEFT_TURN,-112.104297119492,33.4657829632104,2,T_INTERSECTION,LEFT_TURN,PHOENIX,2012-09-26 17:25:00,NO_IMPROPER_ACTION,FAILED_TO_YIELD_RIGHT_OF_WAY_103