IncidentID,num_vehicles_involved,eCollisionManner,Longitude,Latitude,InjurySeverity,eIntersectionType,eCollisionManner,city_name,IncidentDateTime,cyclist_citations,driver_citations
2663711,2,ANGLE_FRONT_TO_SIDE,-111.995369063821,33.4077610707188,3,UNKNOWN_99,ANGLE_FRONT_TO_SIDE,PHOENIX,2012-09-27 07:50:00,OTHER_97,NO_IMPROPER_ACTION
2663726,2,OTHER_97,-112.167987875164,33.3775218971721,3,FOUR_WAY_INTERSECTION,OTHER_97,PHOENIX,2012-09-25 04:00:00,OTHER_97,ELECTRONIC_COMMUNICATIONS_DEVICE
2663863,2,ANGLE_FRONT_TO_SIDE,-111.71916347924,33.4083701848967,4,FOUR_WAY_INTERSECTION,ANGLE_FRONT_TO_SIDE,MESA,2012-10-29 12:20:00,DISREGARDED_TRAFFIC_SIGNAL,NO_IMPROPER_ACTION+NOT_APPLICABLE_MINUS_1
2663874,2,UNKNOWN_99,-111.996692371659,33.48043093043,1,UNKNOWN_99,UNKNOWN_99,PHOENIX,2012-09-24 15:00:00,NO_IMPROPER_ACTION,UNKNOWN_99
2663897,2,ANGLE_FRONT_TO_SIDE,-111.811438578602,33.396978220962,3,UNKNOWN_99,ANGLE_FRONT_TO_SIDE,MESA,2012-10-25 17:21:00,OTHER_UNSAFE_PASSING,NO_IMPROPER_ACTION
2663903,2,LEFT_TURN,-111.828868079275,33.4150999989471,3,FOUR_WAY_INTERSECTION,LEFT_TURN,MESA,2012-10-20 18:22:00,NO_IMPROPER_ACTION,MADE_IMPROPER_TURN
2663905,2,LEFT_TURN,-111.753643674883,33.4227531762804,2,FOUR_WAY_INTERSECTION,LEFT_TURN,MESA,2012-10-23 20:10:00,NO_IMPROPER_ACTION,NOT_APPLICABLE_MINUS_1+INATTENTION_DISTRACTION
2663909,2,ANGLE_FRONT_TO_SIDE,-111.72242588453,33.425563729708,3,T_INTERSECTION,ANGLE_FRONT_TO_SIDE,MESA,2012-10-16 08:15:00,FAILED_TO_KEEP_IN_PROPER_LANE,NO_IMPROPER_ACTION
2663910,2,OTHER_97,-111.672385611732,33.4306420664356,2,UNKNOWN_99,OTHER_97,MESA,2012-10-30 07:41:00,OTHER_97,OTHER_97
2663930,2,HEAD_ON,-111.856285964024,33.429400530307,2,FOUR_WAY_INTERSECTION,HEAD_ON,MESA,2012-10-25 18:34:00,OTHER_97,NO_IMPROPER_ACTION
2663946,2,HEAD_ON,-111.732641092394,33.4241952121013,3,FOUR_WAY_INTERSECTION,HEAD_ON,MESA,2012-10-19 17:10:00,DROVE_RODE_IN_OPPOSING_TRAFFIC_LANE,NO_IMPROPER_ACTION
2663949,2,ANGLE_FRONT_TO_SIDE,-112.202829132835,33.5817037042712,3,FOUR_WAY_INTERSECTION,ANGLE_FRONT_TO_SIDE,GLENDALE,2012-09-19 20:33:00,DISREGARDED_TRAFFIC_SIGNAL,NO_IMPROPER_ACTION
2663951,2,ANGLE_FRONT_TO_SIDE,-111.803538626463,33.4151997098171,3,UNKNOWN_99,ANGLE_FRONT_TO_SIDE,MESA,2012-10-12 17:17:00,DROVE_RODE_IN_OPPOSING_TRAFFIC_LANE,NO_IMPROPER_ACTION
2663953,2,LEFT_TURN,-111.840072863325,33.396941187806,1,FOUR_WAY_INTERSECTION,LEFT_TURN,MESA,2012-09-20 16:26:00,NO_IMPROPER_ACTION,NOT_APPLICABLE_MINUS_1+NOT_APPLICABLE_MINUS_1+NOT_APPLICABLE_MINUS_1+NOT_APPLICABLE_MINUS_1+DROVE_RODE_IN_OPPOSING_TRAFFIC_LANE
2663973,2,OTHER_97,-112.073459887973,33.3922170935521,2,FOUR_WAY_INTERSECTION,OTHER_97,PHOENIX,2012-08-24 23:20:00,NO_IMPROPER_ACTION,DISREGARDED_TRAFFIC_SIGNAL
2663998,2,HEAD_ON,-112.055587000555,33.5767402993432,2,UNKNOWN_99,HEAD_ON,PHOENIX,2012-09-17 08:07:00,NO_IMPROPER_ACTION,SPEED_TOO_FAST_FOR_CONDITIONS
2664030,2,ANGLE_FRONT_TO_SIDE,-112.186163829803,33.5463861263744,1,UNKNOWN_99,ANGLE_FRONT_TO_SIDE,GLENDALE,2012-09-20 17:06:00,NO_IMPROPER_ACTION,FAILED_TO_YIELD_RIGHT_OF_WAY_103
2664213,2,ANGLE_FRONT_TO_SIDE,-112.203100259281,33.6805372040419,3,T_INTERSECTION,ANGLE_FRONT_TO_SIDE,GLENDALE,2012-09-13 07:56:00,DROVE_RODE_IN_OPPOSING_TRAFFIC_LANE,INATTENTION_DISTRACTION
2664217,2,ANGLE_FRONT_TO_SIDE,-112.013307396972,33.5897355600056,3,FOUR_WAY_INTERSECTION,ANGLE_FRONT_TO_SIDE,PHOENIX,2012-09-25 07:40:00,NO_IMPROPER_ACTION,INATTENTION_DISTRACTION
2664236,2,ANGLE_FRONT_TO_SIDE,-112.047645482881,33.4836074317601,4,FOUR_WAY_INTERSECTION,ANGLE_FRONT_TO_SIDE,PHOENIX,2012-09-25 14:02:00,FAILED_TO_YIELD_RIGHT_OF_WAY_103,NO_IMPROPER_ACTION
2664277,3,OTHER_97,-112.136483294192,33.639931338094,2,T_INTERSECTION,OTHER_97,PHOENIX,2012-06-20 19:41:00,DROVE_RODE_IN_OPPOSING_TRAFFIC_LANE+DROVE_RODE_IN_OPPOSING_TRAFFIC_LANE,NO_IMPROPER_ACTION
2664382,2,ANGLE_FRONT_TO_SIDE,-111.980437560316,33.3186322680046,2,UNKNOWN_99,ANGLE_FRONT_TO_SIDE,PHOENIX,2012-09-10 15:20:00,FAILED_TO_KEEP_IN_PROPER_LANE,NO_IMPROPER_ACTION
2664414,2,ANGLE_FRONT_TO_SIDE,-111.702902577494,33.2925911129703,1,UNKNOWN_99,ANGLE_FRONT_TO_SIDE,GILBERT,2012-11-05 06:10:00,INATTENTION_DISTRACTION,INATTENTION_DISTRACTION
2664416,2,ANGLE_FRONT_TO_SIDE,-111.782054926692,33.3645209836405,3,FOUR_WAY_INTERSECTION,ANGLE_FRONT_TO_SIDE,GILBERT,2012-11-04 19:01:00,DISREGARDED_TRAFFIC_SIGNAL,NOT_APPLICABLE_MINUS_1+NO_IMPROPER_ACTION
2664481,2,ANGLE_FRONT_TO_SIDE,-112.328067385143,33.4758150873652,3,FOUR_WAY_INTERSECTION,ANGLE_FRONT_TO_SIDE,AVONDALE,2012-10-31 10:19:00,NO_IMPROPER_ACTION,FAILED_TO_YIELD_RIGHT_OF_WAY_103
2664533,2,ANGLE_FRONT_TO_SIDE,-110.968424794971,32.1986211553006,3,FOUR_WAY_INTERSECTION,ANGLE_FRONT_TO_SIDE,SOUTH TUCSON,2012-11-07 07:50:00,NO_IMPROPER_ACTION,UNKNOWN_99
2664645,2,ANGLE_FRONT_TO_SIDE,-112.406123662103,33.4355924795863,3,FOUR_WAY_INTERSECTION,ANGLE_FRONT_TO_SIDE,GOODYEAR,2012-10-30 07:44:00,FAILED_TO_YIELD_RIGHT_OF_WAY_103,NOT_APPLICABLE_MINUS_1+NO_IMPROPER_ACTION
2664782,2,ANGLE_FRONT_TO_SIDE,-111.926299434636,33.4218897424904,1,UNKNOWN_99,ANGLE_FRONT_TO_SIDE,TEMPE,2012-10-13 22:38:00,OTHER_97,UNKNOWN_99
2664792,2,ANGLE_FRONT_TO_SIDE,-111.668008484473,33.3625804693998,2,T_INTERSECTION,ANGLE_FRONT_TO_SIDE,MESA,2012-09-19 15:05:00,OTHER_97,NO_IMPROPER_ACTION
2664805,2,ANGLE_FRONT_TO_SIDE,-111.599004087729,33.3933129484347,1,UNKNOWN_99,ANGLE_FRONT_TO_SIDE,MESA,2012-10-28 10:45:00,NO_IMPROPER_ACTION,MADE_IMPROPER_TURN
2664823,2,OTHER_97,-111.874485479382,33.4133571491308,3,UNKNOWN_99,OTHER_97,MESA,2012-11-03 12:39:00,NO_IMPROPER_ACTION,NO_IMPROPER_ACTION
2664825,2,ANGLE_FRONT_TO_SIDE,-111.926261889674,33.3929576339383,1,FOUR_WAY_INTERSECTION,ANGLE_FRONT_TO_SIDE,TEMPE,2012-09-25 20:01:00,DISREGARDED_TRAFFIC_SIGNAL,NO_IMPROPER_ACTION
2664839,2,LEFT_TURN,-111.601303771363,33.3643968189641,3,FOUR_WAY_INTERSECTION,LEFT_TURN,MESA,2012-11-01 07:08:00,NO_IMPROPER_ACTION,NOT_APPLICABLE_MINUS_1+OTHER_97
2664848,2,ANGLE_FRONT_TO_SIDE,-111.687656691723,33.3642405464876,2,UNKNOWN_99,ANGLE_FRONT_TO_SIDE,GILBERT,2012-11-02 07:47:00,NO_IMPROPER_ACTION,NO_IMPROPER_ACTION
2664854,2,ANGLE_FRONT_TO_SIDE,-111.856590947826,33.4149111185627,3,FOUR_WAY_INTERSECTION,ANGLE_FRONT_TO_SIDE,MESA,2012-08-07 11:03:00,NO_IMPROPER_ACTION,OTHER_97+NOT_APPLICABLE_MINUS_1
2664931,2,SIDESWIPE_OPPOSITE_DIRECTION,-111.82142058681,33.451490483655,2,UNKNOWN_99,SIDESWIPE_OPPOSITE_DIRECTION,MESA,2012-08-19 17:32:00,NO_IMPROPER_ACTION,INATTENTION_DISTRACTION
2664941,2,REAR_END,-111.961423723606,33.4074188724732,3,UNKNOWN_99,REAR_END,TEMPE,2012-10-03 06:31:00,INATTENTION_DISTRACTION,NO_IMPROPER_ACTION
2664971,2,ANGLE_FRONT_TO_SIDE,-111.926272658348,33.4071336947688,3,UNKNOWN_99,ANGLE_FRONT_TO_SIDE,TEMPE,2012-09-27 14:56:00,DROVE_RODE_IN_OPPOSING_TRAFFIC_LANE,NO_IMPROPER_ACTION
2665030,2,ANGLE_FRONT_TO_SIDE,-112.556285713807,33.4356729853568,1,FOUR_WAY_INTERSECTION,ANGLE_FRONT_TO_SIDE,BUCKEYE,2012-10-25 06:03:00,DISREGARDED_TRAFFIC_SIGNAL,NO_IMPROPER_ACTION
2665049,2,ANGLE_FRONT_TO_SIDE,-111.841693787302,33.3496543382066,3,FOUR_WAY_INTERSECTION,ANGLE_FRONT_TO_SIDE,CHANDLER,2012-07-09 09:54:00,DROVE_RODE_IN_OPPOSING_TRAFFIC_LANE,INATTENTION_DISTRACTION
2665065,2,OTHER_97,-112.590929655022,33.398444518638,4,UNKNOWN_99,OTHER_97,BUCKEYE,2012-03-28 15:03:00,INATTENTION_DISTRACTION,NOT_APPLICABLE_MINUS_1+NO_IMPROPER_ACTION+NOT_APPLICABLE_MINUS_1
2665087,2,SIDESWIPE_SAME_DIRECTION,-111.876210191209,33.2913826365717,1,FOUR_WAY_INTERSECTION,SIDESWIPE_SAME_DIRECTION,CHANDLER,2012-08-09 06:18:00,INATTENTION_DISTRACTION,NO_IMPROPER_ACTION
2665102,2,SIDESWIPE_SAME_DIRECTION,-111.844158437166,33.3061408853573,3,UNKNOWN_99,SIDESWIPE_SAME_DIRECTION,CHANDLER,2012-08-12 18:39:00,NO_IMPROPER_ACTION,UNKNOWN_99
2665123,2,SIDESWIPE_SAME_DIRECTION,-111.953361874651,33.3547993682107,2,UNKNOWN_99,SIDESWIPE_SAME_DIRECTION,TEMPE,2012-08-06 16:46:00,NO_IMPROPER_ACTION,OTHER_97
2665130,2,ANGLE_FRONT_TO_SIDE,-111.93376734803,33.4146941758146,2,UNKNOWN_99,ANGLE_FRONT_TO_SIDE,TEMPE,2012-08-24 13:35:00,DROVE_RODE_IN_OPPOSING_TRAFFIC_LANE,NO_IMPROPER_ACTION+NOT_APPLICABLE_MINUS_1
2665142,2,ANGLE_FRONT_TO_SIDE,-111.944281096232,33.4254682030754,3,FOUR_WAY_INTERSECTION,ANGLE_FRONT_TO_SIDE,TEMPE,2012-08-28 11:35:00,NO_IMPROPER_ACTION,FAILED_TO_YIELD_RIGHT_OF_WAY_103
2665169,2,ANGLE_FRONT_TO_SIDE,-111.926815908691,33.3822796338039,4,T_INTERSECTION,ANGLE_FRONT_TO_SIDE,TEMPE,2012-08-24 13:34:00,FAILED_TO_YIELD_RIGHT_OF_WAY_103,NO_IMPROPER_ACTION
2665192,2,ANGLE_FRONT_TO_SIDE,-111.841562382173,33.2878677432284,3,INTERSECTION_AS_PART_OF_INTERCHANGE,ANGLE_FRONT_TO_SIDE,CHANDLER,2012-08-03 06:44:00,NO_IMPROPER_ACTION,INATTENTION_DISTRACTION
2665204,2,ANGLE_FRONT_TO_SIDE,-111.89492281422,33.3058987458431,2,INTERSECTION_AS_PART_OF_INTERCHANGE,ANGLE_FRONT_TO_SIDE,CHANDLER,2012-08-04 15:22:00,OTHER_97,UNKNOWN_99
2665237,2,OTHER_97,-112.237892357678,33.5519662467598,2,FOUR_WAY_INTERSECTION,OTHER_97,PEORIA,2012-11-09 18:20:00,MADE_IMPROPER_TURN,NOT_APPLICABLE_MINUS_1+NOT_APPLICABLE_MINUS_1+NO_IMPROPER_ACTION
2665277,2,ANGLE_FRONT_TO_SIDE,-112.321439733254,34.596195998014,3,FOUR_WAY_INTERSECTION,ANGLE_FRONT_TO_SIDE,PRESCOTT VALLEY,2012-10-16 22:44:00,UNKNOWN_99,NO_IMPROPER_ACTION
2665627,2,LEFT_TURN,-111.926275229005,33.412806288658,2,T_INTERSECTION,LEFT_TURN,TEMPE,2012-10-18 17:20:00,NO_IMPROPER_ACTION,FAILED_TO_YIELD_RIGHT_OF_WAY_103
2665669,2,OTHER_97,-111.852309817205,33.4294607236738,1,FOUR_WAY_INTERSECTION,OTHER_97,MESA,2012-11-09 07:58:00,NO_IMPROPER_ACTION,SPEED_TOO_FAST_FOR_CONDITIONS
2665699,2,OTHER_97,-111.840058370969,33.3933561952726,2,FOUR_WAY_INTERSECTION,OTHER_97,MESA,2012-10-29 05:17:00,DISREGARDED_TRAFFIC_SIGNAL,NO_IMPROPER_ACTION
2665701,2,ANGLE_FRONT_TO_SIDE,-111.874592761678,33.4017012858796,2,UNKNOWN_99,ANGLE_FRONT_TO_SIDE,MESA,2012-10-28 20:00:00,NO_IMPROPER_ACTION,INATTENTION_DISTRACTION
2665704,2,ANGLE_FRONT_TO_SIDE,-111.598840326321,33.3933119792724,2,NOT_AT_INTERSECTION_0,ANGLE_FRONT_TO_SIDE,MESA,2012-10-28 09:44:00,NO_IMPROPER_ACTION,MADE_IMPROPER_TURN+NOT_APPLICABLE_MINUS_1
2665722,2,ANGLE_FRONT_TO_SIDE,-111.87774148165,33.3676102688627,3,FOUR_WAY_INTERSECTION,ANGLE_FRONT_TO_SIDE,MESA,2012-11-01 15:14:00,OTHER_97,OTHER_97
2665724,2,ANGLE_FRONT_TO_SIDE,-111.81420808288,33.3907578435399,2,FOUR_WAY_INTERSECTION,ANGLE_FRONT_TO_SIDE,MESA,2012-10-30 15:04:00,OTHER_97,OTHER_97
2665747,2,ANGLE_FRONT_TO_SIDE,-111.668807581565,35.1881158769659,1,FOUR_WAY_INTERSECTION,ANGLE_FRONT_TO_SIDE,FLAGSTAFF,2012-10-25 18:34:00,NO_IMPROPER_ACTION,INATTENTION_DISTRACTION
2665768,2,SIDESWIPE_SAME_DIRECTION,-111.595828413405,35.2147229116711,2,T_INTERSECTION,SIDESWIPE_SAME_DIRECTION,FLAGSTAFF,2012-10-21 19:00:00,UNKNOWN_99,UNKNOWN_99
2665772,2,OTHER_97,-112.228966178854,33.6381757931939,3,FOUR_WAY_INTERSECTION,OTHER_97,GLENDALE,2012-11-06 20:17:00,FAILED_TO_YIELD_RIGHT_OF_WAY_103,NOT_APPLICABLE_MINUS_1+NOT_APPLICABLE_MINUS_1+NO_IMPROPER_ACTION
2665804,2,REAR_TO_SIDE,-110.968389863883,32.1945087268062,3,FOUR_WAY_INTERSECTION,REAR_TO_SIDE,SOUTH TUCSON,2012-10-24 13:54:00,OTHER_97,NO_IMPROPER_ACTION
2665814,2,OTHER_97,-112.2119618563,33.6090306670597,2,FOUR_WAY_INTERSECTION,OTHER_97,PEORIA,2012-10-31 17:36:00,NO_IMPROPER_ACTION,MADE_IMPROPER_TURN
2665953,2,REAR_END,-110.257344885341,31.5454014566366,1,FOUR_WAY_INTERSECTION,REAR_END,SIERRA VISTA,2012-08-04 13:55:00,NO_IMPROPER_ACTION,ELECTRONIC_COMMUNICATIONS_DEVICE
2666040,2,ANGLE_FRONT_TO_SIDE,-112.340942167103,33.4642341196372,1,FOUR_WAY_INTERSECTION,ANGLE_FRONT_TO_SIDE,AVONDALE,2012-11-05 06:45:00,NO_IMPROPER_ACTION,UNKNOWN_99
2666050,2,ANGLE_FRONT_TO_SIDE,-112.332181138161,33.4932423526768,3,FOUR_WAY_INTERSECTION,ANGLE_FRONT_TO_SIDE,AVONDALE,2012-10-31 18:03:00,DISREGARDED_TRAFFIC_SIGNAL,NO_IMPROPER_ACTION
2666094,2,SIDESWIPE_SAME_DIRECTION,-112.325454585601,33.4495187176275,1,FOUR_WAY_INTERSECTION,SIDESWIPE_SAME_DIRECTION,AVONDALE,2012-11-08 16:56:00,FOLLOWED_TOO_CLOSELY,NO_IMPROPER_ACTION
2666243,2,OTHER_97,-111.754055999071,33.5808829917289,5,NOT_AT_INTERSECTION_0,OTHER_97,FOUNTAIN HILLS,2012-10-14 12:25:00,NO_IMPROPER_ACTION,FAILED_TO_KEEP_IN_PROPER_LANE
2666329,2,ANGLE_FRONT_TO_SIDE,-111.106442956056,32.3513605099972,1,T_INTERSECTION,ANGLE_FRONT_TO_SIDE,MARANA,2012-10-30 18:50:00,UNKNOWN_99,UNKNOWN_99
2666648,2,ANGLE_FRONT_TO_SIDE,-111.939365638873,33.3787500016824,1,FOUR_WAY_INTERSECTION,ANGLE_FRONT_TO_SIDE,TEMPE,2012-11-02 16:20:00,SPEED_TOO_FAST_FOR_CONDITIONS,NOT_APPLICABLE_MINUS_1+NO_IMPROPER_ACTION+NOT_APPLICABLE_MINUS_1
2666649,2,SIDESWIPE_SAME_DIRECTION,-111.91776337791,33.4194275830584,1,FOUR_WAY_INTERSECTION,SIDESWIPE_SAME_DIRECTION,TEMPE,2012-11-02 16:08:00,RAN_STOP_SIGN,UNKNOWN_99
2666696,2,OTHER_97,-112.358082323429,33.5082686243555,1,FOUR_WAY_INTERSECTION,OTHER_97,LITCHFIELD PARK,2012-10-05 06:33:00,NO_IMPROPER_ACTION,UNKNOWN_99
2666861,2,ANGLE_FRONT_TO_SIDE,-111.909444518019,33.3862191008478,3,NOT_REPORTED_255,ANGLE_FRONT_TO_SIDE,TEMPE,2012-11-16 22:00:00,NO_IMPROPER_ACTION,FAILED_TO_YIELD_RIGHT_OF_WAY_103
2667018,2,HEAD_ON,-112.012914689744,33.4699305006072,3,T_INTERSECTION,HEAD_ON,PHOENIX,2012-09-15 19:55:00,DID_NOT_USE_CROSSWALK,NO_IMPROPER_ACTION
2667051,2,OTHER_97,-112.069413589529,33.5455303696413,3,FOUR_WAY_INTERSECTION,OTHER_97,PHOENIX,2012-09-26 10:31:00,RAN_STOP_SIGN,NO_IMPROPER_ACTION
2667059,2,ANGLE_FRONT_TO_SIDE,-112.054303392511,33.4366827603055,2,T_INTERSECTION,ANGLE_FRONT_TO_SIDE,PHOENIX,2012-10-04 08:06:00,NO_IMPROPER_ACTION,FAILED_TO_YIELD_RIGHT_OF_WAY_103
2667091,2,OTHER_97,-112.099640984737,33.6110039714725,2,FOUR_WAY_INTERSECTION,OTHER_97,PHOENIX,2012-09-20 14:30:00,NO_IMPROPER_ACTION,FAILED_TO_YIELD_RIGHT_OF_WAY_103
2667164,2,ANGLE_FRONT_TO_SIDE,-112.13420919869,33.6396086305883,4,FOUR_WAY_INTERSECTION,ANGLE_FRONT_TO_SIDE,PHOENIX,2012-08-20 13:03:00,NO_IMPROPER_ACTION,NO_IMPROPER_ACTION
2667294,2,ANGLE_FRONT_TO_SIDE,-112.116912277348,33.5310861689847,3,UNKNOWN_99,ANGLE_FRONT_TO_SIDE,PHOENIX,2012-10-01 09:04:00,UNKNOWN_99,OTHER_97
2667418,2,ANGLE_FRONT_TO_SIDE,-111.961509457765,33.4654714696349,3,NOT_AT_INTERSECTION_0,ANGLE_FRONT_TO_SIDE,PHOENIX,2012-09-06 09:57:00,OTHER_97,NO_IMPROPER_ACTION
2667550,2,ANGLE_FRONT_TO_SIDE,-112.008303852242,33.4512812037977,1,UNKNOWN_99,ANGLE_FRONT_TO_SIDE,PHOENIX,2012-10-02 13:55:00,DROVE_RODE_IN_OPPOSING_TRAFFIC_LANE,NO_IMPROPER_ACTION
2667587,2,ANGLE_FRONT_TO_SIDE,-111.757687060224,33.3356871972839,4,FOUR_WAY_INTERSECTION,ANGLE_FRONT_TO_SIDE,GILBERT,2012-11-18 07:57:00,DROVE_RODE_IN_OPPOSING_TRAFFIC_LANE,NO_IMPROPER_ACTION
2667613,2,ANGLE_FRONT_TO_SIDE,-111.741300593845,33.3736992960884,3,T_INTERSECTION,ANGLE_FRONT_TO_SIDE,GILBERT,2012-11-16 14:43:00,DROVE_RODE_IN_OPPOSING_TRAFFIC_LANE,NO_IMPROPER_ACTION
2667651,2,ANGLE_FRONT_TO_SIDE,-112.047999823064,33.0584585746474,4,NOT_REPORTED_255,ANGLE_FRONT_TO_SIDE,MARICOPA,2012-10-17 08:03:00,INATTENTION_DISTRACTION,INATTENTION_DISTRACTION
2667746,2,ANGLE_FRONT_TO_SIDE,-111.794030005347,33.2918729130266,2,FOUR_WAY_INTERSECTION,ANGLE_FRONT_TO_SIDE,CHANDLER,2012-08-22 15:56:00,NO_IMPROPER_ACTION,DISREGARDED_PAVEMENT_MARKINGS
2667752,2,ANGLE_FRONT_TO_SIDE,-111.834211440807,33.3061815301169,3,T_INTERSECTION,ANGLE_FRONT_TO_SIDE,CHANDLER,2012-08-23 07:58:00,INATTENTION_DISTRACTION,INATTENTION_DISTRACTION
2667785,2,SIDESWIPE_SAME_DIRECTION,-111.876205360907,33.2876667195357,3,FOUR_WAY_INTERSECTION,SIDESWIPE_SAME_DIRECTION,CHANDLER,2012-08-24 15:44:00,OTHER_97,NO_IMPROPER_ACTION+NOT_APPLICABLE_MINUS_1
2667905,2,ANGLE_FRONT_TO_SIDE,-111.661004424903,33.3648267618161,2,NOT_AT_INTERSECTION_0,ANGLE_FRONT_TO_SIDE,MESA,2012-11-18 08:37:00,NO_IMPROPER_ACTION,NO_IMPROPER_ACTION+NOT_APPLICABLE_MINUS_1+NOT_APPLICABLE_MINUS_1
2667975,2,ANGLE_FRONT_TO_SIDE,-111.707099924679,33.437365170459,1,FOUR_WAY_INTERSECTION,ANGLE_FRONT_TO_SIDE,MESA,2012-10-18 08:42:00,DISREGARDED_TRAFFIC_SIGNAL,NO_IMPROPER_ACTION
2667984,2,HEAD_ON,-111.856338152005,33.4439835268496,3,T_INTERSECTION,HEAD_ON,MESA,2012-11-14 07:11:00,INATTENTION_DISTRACTION,INATTENTION_DISTRACTION
2668014,2,ANGLE_FRONT_TO_SIDE,0,0,3,UNKNOWN_99,ANGLE_FRONT_TO_SIDE,UNSPECIFIED_999,2012-06-09 19:50:00,UNKNOWN_99,NOT_APPLICABLE_MINUS_1+NOT_APPLICABLE_MINUS_1+NOT_APPLICABLE_MINUS_1+NOT_APPLICABLE_MINUS_1+NO_IMPROPER_ACTION
2668024,2,OTHER_97,-111.871728169017,33.3649761013699,3,T_INTERSECTION,OTHER_97,MESA,2012-11-15 07:55:00,INATTENTION_DISTRACTION,NO_IMPROPER_ACTION+NOT_APPLICABLE_MINUS_1+NOT_APPLICABLE_MINUS_1
2668063,2,SIDESWIPE_OPPOSITE_DIRECTION,-111.7017598629,33.4373725223403,2,FOUR_WAY_INTERSECTION,SIDESWIPE_OPPOSITE_DIRECTION,MESA,2012-10-29 15:58:00,DROVE_RODE_IN_OPPOSING_TRAFFIC_LANE,OTHER_97
2668065,2,LEFT_TURN,-111.8745803933,33.4003299874045,1,FOUR_WAY_INTERSECTION,LEFT_TURN,MESA,2012-10-26 15:30:00,NO_IMPROPER_ACTION,MADE_IMPROPER_TURN
2668067,2,LEFT_TURN,-111.844297248078,33.4077779458981,1,T_INTERSECTION,LEFT_TURN,MESA,2012-11-06 16:37:00,NO_IMPROPER_ACTION,INATTENTION_DISTRACTION
2668078,2,SIDESWIPE_OPPOSITE_DIRECTION,-111.848750322151,33.3787764746283,2,FOUR_WAY_INTERSECTION,SIDESWIPE_OPPOSITE_DIRECTION,MESA,2012-11-11 09:52:00,OTHER_97,UNKNOWN_99
2668179,2,SIDESWIPE_SAME_DIRECTION,-112.484449797497,34.5596997042499,3,T_INTERSECTION,SIDESWIPE_SAME_DIRECTION,PRESCOTT,2012-11-16 14:10:00,NO_IMPROPER_ACTION,INATTENTION_DISTRACTION
2668229,2,OTHER_97,0,0,3,UNKNOWN_99,OTHER_97,UNSPECIFIED_999,2012-07-01 20:15:00,NO_IMPROPER_ACTION,OTHER_UNSAFE_PASSING
2668315,2,ANGLE_FRONT_TO_SIDE,-111.93696853315,33.4255100346068,2,NOT_AT_INTERSECTION_0,ANGLE_FRONT_TO_SIDE,TEMPE,2012-10-18 17:54:00,UNSAFE_LANE_CHANGE,NOT_APPLICABLE_MINUS_1+NO_IMPROPER_ACTION+NOT_APPLICABLE_MINUS_1
2668336,2,LEFT_TURN,-111.926285972764,33.4191385912175,1,T_INTERSECTION,LEFT_TURN,TEMPE,2012-11-01 08:46:00,FAILED_TO_YIELD_RIGHT_OF_WAY_103,NO_IMPROPER_ACTION
2668664,2,OTHER_97,-111.572017060528,33.4146617903955,1,UNKNOWN_99,OTHER_97,APACHE JUNCTION,2012-11-04 15:44:00,FAILED_TO_YIELD_RIGHT_OF_WAY_103,NO_IMPROPER_ACTION
2668797,2,LEFT_TURN,-112.096074145764,33.303965184164,3,T_INTERSECTION,LEFT_TURN,PHOENIX,2012-10-12 14:04:00,FAILED_TO_YIELD_RIGHT_OF_WAY_103,NO_IMPROPER_ACTION
2668826,3,SIDESWIPE_SAME_DIRECTION,-112.137522673235,33.5094450658246,2,NOT_AT_INTERSECTION_0,SIDESWIPE_SAME_DIRECTION,PHOENIX,2012-10-05 18:37:00,FAILED_TO_YIELD_RIGHT_OF_WAY_103+FAILED_TO_YIELD_RIGHT_OF_WAY_103,NO_IMPROPER_ACTION
2668838,2,REAR_END,-111.988569634806,33.6262900703178,2,NOT_AT_INTERSECTION_0,REAR_END,PHOENIX,2012-10-09 07:12:00,NO_IMPROPER_ACTION,SPEED_TOO_FAST_FOR_CONDITIONS
2669038,2,LEFT_TURN,-112.080165955481,33.4547382874604,3,FOUR_WAY_INTERSECTION,LEFT_TURN,PHOENIX,2012-10-11 08:51:00,MADE_IMPROPER_TURN,NOT_APPLICABLE_MINUS_1+NO_IMPROPER_ACTION
2669051,2,ANGLE_FRONT_TO_SIDE,-112.069433352431,33.4767169709556,3,FOUR_WAY_INTERSECTION,ANGLE_FRONT_TO_SIDE,PHOENIX,2012-10-03 08:48:00,OTHER_97,NO_IMPROPER_ACTION
2669072,2,SIDESWIPE_SAME_DIRECTION,-112.156680116895,33.7126561528676,3,UNKNOWN_99,SIDESWIPE_SAME_DIRECTION,PHOENIX,2012-09-28 20:39:00,FAILED_TO_KEEP_IN_PROPER_LANE,NO_IMPROPER_ACTION
2669092,2,ANGLE_FRONT_TO_SIDE,-111.996163492762,33.6394076823214,2,UNKNOWN_99,ANGLE_FRONT_TO_SIDE,PHOENIX,2012-10-07 07:18:00,INATTENTION_DISTRACTION,FAILED_TO_YIELD_RIGHT_OF_WAY_103