IncidentID,num_vehicles_involved,eCollisionManner,Longitude,Latitude,InjurySeverity,eIntersectionType,eCollisionManner,city_name,IncidentDateTime,cyclist_citations,driver_citations
2669113,2,ANGLE_FRONT_TO_SIDE,-112.104172405763,33.5097013734507,2,UNKNOWN_99,ANGLE_FRONT_TO_SIDE,PHOENIX,2012-10-02 08:10:00,INATTENTION_DISTRACTION,NO_IMPROPER_ACTION
2669199,2,ANGLE_FRONT_TO_SIDE,-112.169182422126,33.4732978824346,3,T_INTERSECTION,ANGLE_FRONT_TO_SIDE,PHOENIX,2012-10-06 18:49:00,DROVE_RODE_IN_OPPOSING_TRAFFIC_LANE,FAILED_TO_YIELD_RIGHT_OF_WAY_103
2669208,2,LEFT_TURN,-112.229207572889,33.4670741285952,3,T_INTERSECTION,LEFT_TURN,PHOENIX,2012-10-04 17:21:00,NO_IMPROPER_ACTION,NOT_APPLICABLE_MINUS_1+FAILED_TO_YIELD_RIGHT_OF_WAY_103
2669228,2,OTHER_97,-112.116961355394,33.5145740163506,3,UNKNOWN_99,OTHER_97,PHOENIX,2012-10-06 14:40:00,NO_IMPROPER_ACTION,NO_IMPROPER_ACTION
2669252,2,ANGLE_FRONT_TO_SIDE,-112.099980091203,33.4610374531326,3,FOUR_WAY_INTERSECTION,ANGLE_FRONT_TO_SIDE,PHOENIX,2012-10-11 15:14:00,DROVE_RODE_IN_OPPOSING_TRAFFIC_LANE,NO_IMPROPER_ACTION
2669266,2,ANGLE_FRONT_TO_SIDE,-112.078525626054,33.4948315340593,2,UNKNOWN_99,ANGLE_FRONT_TO_SIDE,PHOENIX,2012-10-11 16:42:00,DROVE_RODE_IN_OPPOSING_TRAFFIC_LANE,NO_IMPROPER_ACTION
2669281,2,SIDESWIPE_OPPOSITE_DIRECTION,-111.987064628049,33.4691946979721,2,FOUR_WAY_INTERSECTION,SIDESWIPE_OPPOSITE_DIRECTION,PHOENIX,2012-10-15 07:33:00,DROVE_RODE_IN_OPPOSING_TRAFFIC_LANE,FAILED_TO_YIELD_RIGHT_OF_WAY_103
2669287,2,ANGLE_FRONT_TO_SIDE,-112.062817194989,33.5128549695396,3,FOUR_WAY_INTERSECTION,ANGLE_FRONT_TO_SIDE,PHOENIX,2012-10-15 17:08:00,NO_IMPROPER_ACTION,RAN_STOP_SIGN
2669312,2,LEFT_TURN,-112.000252381809,33.6550606953535,4,INTERSECTION_AS_PART_OF_INTERCHANGE,LEFT_TURN,PHOENIX,2012-10-09 08:34:00,DISREGARDED_TRAFFIC_SIGNAL,NO_IMPROPER_ACTION
2669365,2,ANGLE_FRONT_TO_SIDE,-112.151692554533,33.4949418837752,1,FOUR_WAY_INTERSECTION,ANGLE_FRONT_TO_SIDE,PHOENIX,2012-10-09 08:56:00,UNKNOWN_99,NOT_APPLICABLE_MINUS_1+NOT_APPLICABLE_MINUS_1+NO_IMPROPER_ACTION
2669458,2,LEFT_TURN,-111.748662810708,32.8736589768064,3,T_INTERSECTION,LEFT_TURN,CASA GRANDE,2012-11-06 16:37:00,FAILED_TO_YIELD_RIGHT_OF_WAY_103,NO_IMPROPER_ACTION
2669476,3,OTHER_97,-112.081756027079,33.4658131771756,2,NOT_AT_INTERSECTION_0,OTHER_97,PHOENIX,2012-10-12 12:01:00,OTHER_97+OTHER_97,NO_IMPROPER_ACTION
2669525,2,OTHER_97,-111.740025965903,32.8795841310714,3,FOUR_WAY_INTERSECTION,OTHER_97,CASA GRANDE,2012-11-01 08:10:00,NO_IMPROPER_ACTION,NOT_APPLICABLE_MINUS_1+NOT_APPLICABLE_MINUS_1+FAILED_TO_YIELD_RIGHT_OF_WAY_103
2669920,2,ANGLE_FRONT_TO_SIDE,-111.731305017765,32.8841947477455,2,UNKNOWN_99,ANGLE_FRONT_TO_SIDE,CASA GRANDE,2012-11-20 16:28:00,FAILED_TO_KEEP_IN_PROPER_LANE,NO_IMPROPER_ACTION
2669953,2,ANGLE_FRONT_TO_SIDE,-111.910184779214,33.4074967348176,3,UNKNOWN_99,ANGLE_FRONT_TO_SIDE,TEMPE,2012-11-14 17:54:00,NO_IMPROPER_ACTION,FAILED_TO_YIELD_RIGHT_OF_WAY_103
2669962,2,ANGLE_FRONT_TO_SIDE,-111.942454377167,33.4219285756024,3,FOUR_WAY_INTERSECTION,ANGLE_FRONT_TO_SIDE,TEMPE,2012-11-03 07:59:00,OTHER_97,FAILED_TO_YIELD_RIGHT_OF_WAY_103
2669994,2,ANGLE_FRONT_TO_SIDE,-111.939711863181,33.4001094814051,1,UNKNOWN_99,ANGLE_FRONT_TO_SIDE,TEMPE,2012-09-18 10:01:00,OTHER_97,NOT_APPLICABLE_MINUS_1+NO_IMPROPER_ACTION+NOT_APPLICABLE_MINUS_1
2670050,2,ANGLE_FRONT_TO_SIDE,-111.744036877909,33.3067760879278,3,FOUR_WAY_INTERSECTION,ANGLE_FRONT_TO_SIDE,GILBERT,2012-11-16 09:33:00,DROVE_RODE_IN_OPPOSING_TRAFFIC_LANE,INATTENTION_DISTRACTION
2670109,2,ANGLE_FRONT_TO_SIDE,-111.916273526623,33.4075015860694,2,UNKNOWN_99,ANGLE_FRONT_TO_SIDE,TEMPE,2012-11-14 18:00:00,OTHER_97,NO_IMPROPER_ACTION
2670112,2,SIDESWIPE_SAME_DIRECTION,-111.928923453046,33.4200873508137,2,T_INTERSECTION,SIDESWIPE_SAME_DIRECTION,TEMPE,2012-11-14 11:49:00,OTHER_97,NO_IMPROPER_ACTION
2670118,2,ANGLE_FRONT_TO_SIDE,-111.909628635705,33.4366158241797,3,T_INTERSECTION,ANGLE_FRONT_TO_SIDE,TEMPE,2012-11-15 16:33:00,FAILED_TO_YIELD_RIGHT_OF_WAY_103,NO_IMPROPER_ACTION
2670148,2,ANGLE_FRONT_TO_SIDE,-111.613564918684,35.2154946667229,1,T_INTERSECTION,ANGLE_FRONT_TO_SIDE,FLAGSTAFF,2012-11-14 08:34:00,UNKNOWN_99,UNKNOWN_99
2670164,2,ANGLE_FRONT_TO_SIDE,-111.926213874929,33.4209812629063,3,T_INTERSECTION,ANGLE_FRONT_TO_SIDE,TEMPE,2012-08-26 17:03:00,OTHER_97,NO_IMPROPER_ACTION
2670171,2,LEFT_TURN,-112.342827840913,34.5998759105262,3,FOUR_WAY_INTERSECTION,LEFT_TURN,PRESCOTT VALLEY,2012-11-14 13:24:00,NO_IMPROPER_ACTION,UNKNOWN_99
2670197,2,LEFT_TURN,-111.939968798387,33.4205820907595,3,T_INTERSECTION,LEFT_TURN,TEMPE,2012-09-06 19:44:00,KNOWINGLY_OPERATED_WITH_FAULTY_MISSING_EQUIPMENT,OTHER_97
2670331,2,ANGLE_FRONT_TO_SIDE,-112.220340451084,33.6744388880937,3,FOUR_WAY_INTERSECTION,ANGLE_FRONT_TO_SIDE,GLENDALE,2012-10-01 14:45:00,DROVE_RODE_IN_OPPOSING_TRAFFIC_LANE,NOT_APPLICABLE_MINUS_1+NO_IMPROPER_ACTION
2670427,2,ANGLE_FRONT_TO_SIDE,-111.867593253473,33.2914702321787,1,FOUR_WAY_INTERSECTION,ANGLE_FRONT_TO_SIDE,CHANDLER,2012-08-30 09:00:00,NO_IMPROPER_ACTION,INATTENTION_DISTRACTION
2670466,2,LEFT_TURN,-112.474548646716,34.5399559397513,3,UNKNOWN_99,LEFT_TURN,PRESCOTT,2012-12-03 18:50:00,NO_IMPROPER_ACTION,INATTENTION_DISTRACTION
2670491,2,ANGLE_FRONT_TO_SIDE,-112.047724648354,33.0656620461616,2,FOUR_WAY_INTERSECTION,ANGLE_FRONT_TO_SIDE,MARICOPA,2012-11-06 09:05:00,WALKED_ON_WRONG_SIDE_OF_ROAD,INATTENTION_DISTRACTION
2670497,2,SIDESWIPE_SAME_DIRECTION,-111.824113605574,33.3061881616797,2,FOUR_WAY_INTERSECTION,SIDESWIPE_SAME_DIRECTION,CHANDLER,2012-09-05 16:40:00,UNKNOWN_99,UNKNOWN_99
2670575,2,ANGLE_FRONT_TO_SIDE,-112.195016188512,33.5239571468791,2,FOUR_WAY_INTERSECTION,ANGLE_FRONT_TO_SIDE,GLENDALE,2012-10-06 11:43:00,NO_IMPROPER_ACTION,DISREGARDED_TRAFFIC_SIGNAL
2670578,2,ANGLE_FRONT_TO_SIDE,-112.202173663287,33.5817155481452,2,UNKNOWN_99,ANGLE_FRONT_TO_SIDE,GLENDALE,2012-10-05 17:47:00,NO_IMPROPER_ACTION,NO_IMPROPER_ACTION
2670772,2,ANGLE_FRONT_TO_SIDE,-112.168610357903,33.5384424616444,1,FOUR_WAY_INTERSECTION,ANGLE_FRONT_TO_SIDE,GLENDALE,2012-10-10 21:31:00,DISREGARDED_TRAFFIC_SIGNAL,NO_IMPROPER_ACTION
2670788,2,ANGLE_FRONT_TO_SIDE,-112.194945060701,33.5529659854512,2,FOUR_WAY_INTERSECTION,ANGLE_FRONT_TO_SIDE,GLENDALE,2012-10-12 07:39:00,NO_IMPROPER_ACTION,FAILED_TO_YIELD_RIGHT_OF_WAY_103
2670816,2,ANGLE_FRONT_TO_SIDE,-112.185689357116,33.6268061729067,3,UNKNOWN_99,ANGLE_FRONT_TO_SIDE,GLENDALE,2012-10-16 11:09:00,DROVE_RODE_IN_OPPOSING_TRAFFIC_LANE,NO_IMPROPER_ACTION
2670921,2,ANGLE_FRONT_TO_SIDE,-112.203062918792,33.6891850483176,2,T_INTERSECTION,ANGLE_FRONT_TO_SIDE,GLENDALE,2012-10-17 07:18:00,INATTENTION_DISTRACTION,NO_IMPROPER_ACTION
2670929,2,ANGLE_FRONT_TO_SIDE,-112.199057407057,33.65354193061,2,FOUR_WAY_INTERSECTION,ANGLE_FRONT_TO_SIDE,GLENDALE,2012-10-17 13:46:00,DROVE_RODE_IN_OPPOSING_TRAFFIC_LANE,INATTENTION_DISTRACTION
2671208,2,ANGLE_FRONT_TO_SIDE,-112.257734273546,33.6636505416676,4,T_INTERSECTION,ANGLE_FRONT_TO_SIDE,PEORIA,2012-11-28 11:32:00,NO_IMPROPER_ACTION,FAILED_TO_YIELD_RIGHT_OF_WAY_103
2671211,2,OTHER_97,-112.267382697844,33.7248835076857,2,FOUR_WAY_INTERSECTION,OTHER_97,PEORIA,2012-11-27 17:23:00,FAILED_TO_KEEP_IN_PROPER_LANE,NO_IMPROPER_ACTION
2671212,2,ANGLE_FRONT_TO_SIDE,-112.241997096326,33.6381421963265,2,FOUR_WAY_INTERSECTION,ANGLE_FRONT_TO_SIDE,PEORIA,2012-11-27 06:40:00,DROVE_RODE_IN_OPPOSING_TRAFFIC_LANE,INATTENTION_DISTRACTION
2671273,2,ANGLE_FRONT_TO_SIDE,-112.24150543712,33.6381503088869,4,UNKNOWN_99,ANGLE_FRONT_TO_SIDE,PEORIA,2012-11-19 18:08:00,OTHER_97,NO_IMPROPER_ACTION
2671357,2,ANGLE_FRONT_TO_SIDE,-111.928672180507,33.377123709164,2,UNKNOWN_99,ANGLE_FRONT_TO_SIDE,TEMPE,2012-09-21 16:52:00,NO_IMPROPER_ACTION,MADE_IMPROPER_TURN
2671393,2,SIDESWIPE_SAME_DIRECTION,-111.839933104326,33.4298634566312,2,FOUR_WAY_INTERSECTION,SIDESWIPE_SAME_DIRECTION,MESA,2012-11-26 16:44:00,NO_IMPROPER_ACTION,NOT_APPLICABLE_MINUS_1+NOT_APPLICABLE_MINUS_1+NOT_APPLICABLE_MINUS_1+INATTENTION_DISTRACTION
2671499,2,ANGLE_FRONT_TO_SIDE,-112.168820441576,33.5819243346882,2,FOUR_WAY_INTERSECTION,ANGLE_FRONT_TO_SIDE,GLENDALE,2012-10-21 13:28:00,DISREGARDED_TRAFFIC_SIGNAL,NO_IMPROPER_ACTION+NOT_APPLICABLE_MINUS_1
2671540,2,ANGLE_FRONT_TO_SIDE,-111.719091502207,33.4227909046001,2,FOUR_WAY_INTERSECTION,ANGLE_FRONT_TO_SIDE,MESA,2012-12-02 12:06:00,NO_IMPROPER_ACTION,DISREGARDED_TRAFFIC_SIGNAL+NOT_APPLICABLE_MINUS_1+NOT_APPLICABLE_MINUS_1
2671581,2,ANGLE_FRONT_TO_SIDE,-111.794446717855,33.4152997089832,2,T_INTERSECTION,ANGLE_FRONT_TO_SIDE,MESA,2012-11-30 14:59:00,DROVE_RODE_IN_OPPOSING_TRAFFIC_LANE,NO_IMPROPER_ACTION+NOT_APPLICABLE_MINUS_1
2671588,2,ANGLE_FRONT_TO_SIDE,-111.68453576168,33.4116050092117,2,UNKNOWN_99,ANGLE_FRONT_TO_SIDE,MESA,2012-11-02 13:10:00,NO_IMPROPER_ACTION,NO_IMPROPER_ACTION
2671589,2,SIDESWIPE_OPPOSITE_DIRECTION,-111.874636537532,33.3877314538122,1,NOT_AT_INTERSECTION_0,SIDESWIPE_OPPOSITE_DIRECTION,MESA,2012-10-29 18:19:00,INATTENTION_DISTRACTION,NO_IMPROPER_ACTION
2671594,2,SIDESWIPE_OPPOSITE_DIRECTION,-111.846166541636,33.4182147079113,2,FOUR_WAY_INTERSECTION,SIDESWIPE_OPPOSITE_DIRECTION,MESA,2012-11-26 14:38:00,NO_IMPROPER_ACTION,NO_IMPROPER_ACTION
2671599,2,LEFT_TURN,-111.719002786856,33.4373489833206,3,FOUR_WAY_INTERSECTION,LEFT_TURN,MESA,2012-11-26 15:59:00,NO_IMPROPER_ACTION,INATTENTION_DISTRACTION
2671603,2,OTHER_97,-111.892513422797,33.3784518504135,4,FOUR_WAY_INTERSECTION,OTHER_97,TEMPE,2012-11-27 10:27:00,NO_IMPROPER_ACTION,FAILED_TO_YIELD_RIGHT_OF_WAY_103+NOT_APPLICABLE_MINUS_1
2671611,2,LEFT_TURN,-111.673048606457,33.3933314200661,2,T_INTERSECTION,LEFT_TURN,MESA,2012-11-26 11:47:00,NO_IMPROPER_ACTION,OTHER_97
2671615,2,ANGLE_FRONT_TO_SIDE,-111.753693406893,33.3936954481421,3,FOUR_WAY_INTERSECTION,ANGLE_FRONT_TO_SIDE,MESA,2012-11-27 12:42:00,INATTENTION_DISTRACTION,NO_IMPROPER_ACTION
2671622,2,OTHER_97,-111.618846311516,33.3750599880086,3,T_INTERSECTION,OTHER_97,MESA,2012-11-26 07:20:00,OTHER_97,OTHER_97+NOT_APPLICABLE_MINUS_1
2671645,2,SIDESWIPE_OPPOSITE_DIRECTION,-111.753770675113,33.4056143318714,1,UNKNOWN_99,SIDESWIPE_OPPOSITE_DIRECTION,MESA,2012-11-23 11:26:00,DID_NOT_USE_CROSSWALK,NO_IMPROPER_ACTION
2671916,2,OTHER_97,-111.664651450275,35.1679644925749,1,T_INTERSECTION,OTHER_97,FLAGSTAFF,2012-11-30 07:33:00,NO_IMPROPER_ACTION,FAILED_TO_YIELD_RIGHT_OF_WAY_103
2671970,2,OTHER_97,-111.661483597169,35.182973143205,2,UNKNOWN_99,OTHER_97,FLAGSTAFF,2012-11-25 15:05:00,NO_IMPROPER_ACTION,FAILED_TO_YIELD_RIGHT_OF_WAY_103+NOT_APPLICABLE_MINUS_1
2672093,2,OTHER_97,-112.108259769476,33.5333996804782,1,UNKNOWN_99,OTHER_97,PHOENIX,2012-09-20 14:45:00,INATTENTION_DISTRACTION,NOT_APPLICABLE_MINUS_1+NO_IMPROPER_ACTION+NOT_APPLICABLE_MINUS_1+NOT_APPLICABLE_MINUS_1
2672113,2,OTHER_97,-112.4647603124,34.5418795199961,1,NOT_AT_INTERSECTION_0,OTHER_97,PRESCOTT,2012-12-08 09:10:00,OTHER_97,INATTENTION_DISTRACTION
2672172,2,ANGLE_FRONT_TO_SIDE,-110.240857562084,31.5640331775854,3,FOUR_WAY_INTERSECTION,ANGLE_FRONT_TO_SIDE,SIERRA VISTA,2012-10-19 07:13:00,NO_IMPROPER_ACTION,FAILED_TO_YIELD_RIGHT_OF_WAY_103
2672240,2,ANGLE_FRONT_TO_SIDE,-111.704158288473,33.3314584738472,3,FOUR_WAY_INTERSECTION,ANGLE_FRONT_TO_SIDE,GILBERT,2012-12-06 12:03:00,DISREGARDED_TRAFFIC_SIGNAL,NO_IMPROPER_ACTION
2672279,2,ANGLE_FRONT_TO_SIDE,-112.073192121188,33.4471547898122,4,UNKNOWN_99,ANGLE_FRONT_TO_SIDE,PHOENIX,2012-10-19 10:06:00,NO_IMPROPER_ACTION,FAILED_TO_YIELD_RIGHT_OF_WAY_103
2672407,2,ANGLE_FRONT_TO_SIDE,-112.103896163572,33.538735651987,2,FOUR_WAY_INTERSECTION,ANGLE_FRONT_TO_SIDE,PHOENIX,2012-10-22 07:20:00,OTHER_97,NO_IMPROPER_ACTION
2672453,2,ANGLE_FRONT_TO_SIDE,-112.091263300139,33.5529001280846,3,FOUR_WAY_INTERSECTION,ANGLE_FRONT_TO_SIDE,PHOENIX,2012-10-11 13:10:00,OTHER_97,INATTENTION_DISTRACTION
2672475,2,ANGLE_FRONT_TO_SIDE,-112.116667945839,33.5385614951534,1,NOT_AT_INTERSECTION_0,ANGLE_FRONT_TO_SIDE,PHOENIX,2012-10-18 14:25:00,DID_NOT_USE_CROSSWALK,NO_IMPROPER_ACTION+NOT_APPLICABLE_MINUS_1
2672489,2,SIDESWIPE_SAME_DIRECTION,-112.143156893934,33.6394498400113,2,T_INTERSECTION,SIDESWIPE_SAME_DIRECTION,PHOENIX,2012-10-23 20:45:00,NO_IMPROPER_ACTION,OTHER_UNSAFE_PASSING
2672508,4,OTHER_97,-112.047247874411,33.3995621832401,2,FOUR_WAY_INTERSECTION,OTHER_97,PHOENIX,2012-09-25 16:42:00,UNKNOWN_99+FAILED_TO_YIELD_RIGHT_OF_WAY_103+UNKNOWN_99,NO_IMPROPER_ACTION
2672568,2,ANGLE_FRONT_TO_SIDE,-111.980919944369,33.5955368780668,2,FOUR_WAY_INTERSECTION,ANGLE_FRONT_TO_SIDE,PHOENIX,2012-10-20 19:31:00,NO_IMPROPER_ACTION,NOT_APPLICABLE_MINUS_1+INATTENTION_DISTRACTION
2672688,2,SIDESWIPE_SAME_DIRECTION,-112.166046187625,33.4972915774897,3,UNKNOWN_99,SIDESWIPE_SAME_DIRECTION,PHOENIX,2012-10-18 07:33:00,DROVE_RODE_IN_OPPOSING_TRAFFIC_LANE,NO_IMPROPER_ACTION
2672691,2,ANGLE_FRONT_TO_SIDE,-112.151822891858,33.4572405564247,3,UNKNOWN_99,ANGLE_FRONT_TO_SIDE,PHOENIX,2012-10-18 08:29:00,OTHER_97,NO_IMPROPER_ACTION+NOT_APPLICABLE_MINUS_1
2672725,2,ANGLE_FRONT_TO_SIDE,-112.368496486181,33.4895286825029,2,T_INTERSECTION,ANGLE_FRONT_TO_SIDE,GOODYEAR,2012-11-29 08:41:00,OTHER_97,NOT_APPLICABLE_MINUS_1+FAILED_TO_YIELD_RIGHT_OF_WAY_103
2672745,2,SIDESWIPE_OPPOSITE_DIRECTION,-112.151439826017,33.5382619041799,3,FOUR_WAY_INTERSECTION,SIDESWIPE_OPPOSITE_DIRECTION,PHOENIX,2012-10-16 01:49:00,SPEED_TOO_FAST_FOR_CONDITIONS,NO_IMPROPER_ACTION
2672792,2,ANGLE_FRONT_TO_SIDE,-111.98044494794,33.319961638013,3,FOUR_WAY_INTERSECTION,ANGLE_FRONT_TO_SIDE,PHOENIX,2012-10-25 13:55:00,FAILED_TO_YIELD_RIGHT_OF_WAY_103,NO_IMPROPER_ACTION
2672814,2,ANGLE_FRONT_TO_SIDE,-112.082726120317,33.5166170024137,2,UNKNOWN_99,ANGLE_FRONT_TO_SIDE,PHOENIX,2012-10-18 14:09:00,NO_IMPROPER_ACTION,FAILED_TO_YIELD_RIGHT_OF_WAY_103
2672831,2,OTHER_97,-112.168798820146,33.4874898030903,2,UNKNOWN_99,OTHER_97,PHOENIX,2012-10-25 18:18:00,INATTENTION_DISTRACTION,NOT_APPLICABLE_MINUS_1+INATTENTION_DISTRACTION+NOT_APPLICABLE_MINUS_1
2672847,2,OTHER_97,-112.176914422962,33.480401094721,3,NOT_AT_INTERSECTION_0,OTHER_97,PHOENIX,2012-10-08 19:30:00,UNKNOWN_99,NO_IMPROPER_ACTION
2672854,2,ANGLE_FRONT_TO_SIDE,-112.167770302788,33.4949675637549,1,UNKNOWN_99,ANGLE_FRONT_TO_SIDE,PHOENIX,2012-10-12 18:52:00,OTHER_97,NO_IMPROPER_ACTION
2672869,2,ANGLE_FRONT_TO_SIDE,-112.07326028878,33.3780253203617,3,UNKNOWN_99,ANGLE_FRONT_TO_SIDE,PHOENIX,2012-10-13 19:15:00,NO_IMPROPER_ACTION,FAILED_TO_YIELD_RIGHT_OF_WAY_103
2672930,2,ANGLE_FRONT_TO_SIDE,-112.114519595035,33.4949680205791,2,NOT_REPORTED_255,ANGLE_FRONT_TO_SIDE,PHOENIX,2012-09-22 11:15:00,OTHER_97,NOT_APPLICABLE_MINUS_1+FAILED_TO_YIELD_RIGHT_OF_WAY_103
2672968,2,OTHER_97,-111.99040300028,33.7557440867955,3,FOUR_WAY_INTERSECTION,OTHER_97,PHOENIX,2012-10-16 17:24:00,NO_IMPROPER_ACTION,INATTENTION_DISTRACTION
2672973,2,ANGLE_FRONT_TO_SIDE,-112.077607607129,33.3849625989937,2,FOUR_WAY_INTERSECTION,ANGLE_FRONT_TO_SIDE,PHOENIX,2012-10-16 17:32:00,FAILED_TO_YIELD_RIGHT_OF_WAY_103,NO_IMPROPER_ACTION
2673124,2,HEAD_ON,-111.982737058436,34.6923043121189,2,FOUR_WAY_INTERSECTION,HEAD_ON,UNSPECIFIED_999,2012-11-30 17:35:00,NO_IMPROPER_ACTION,FAILED_TO_YIELD_RIGHT_OF_WAY_103+NOT_APPLICABLE_MINUS_1+NOT_APPLICABLE_MINUS_1
2673164,2,ANGLE_FRONT_TO_SIDE,-112.141307817761,33.4659576445064,3,T_INTERSECTION,ANGLE_FRONT_TO_SIDE,PHOENIX,2012-10-23 14:15:00,DROVE_RODE_IN_OPPOSING_TRAFFIC_LANE,NO_IMPROPER_ACTION
2673237,2,ANGLE_FRONT_TO_SIDE,-111.951743249128,33.6259809069868,3,FOUR_WAY_INTERSECTION,ANGLE_FRONT_TO_SIDE,PHOENIX,2012-10-22 07:09:00,UNKNOWN_99,MADE_IMPROPER_TURN
2673278,2,ANGLE_FRONT_TO_SIDE,-112.220540724924,33.4801884587069,3,UNKNOWN_99,ANGLE_FRONT_TO_SIDE,PHOENIX,2012-10-28 16:41:00,NO_IMPROPER_ACTION,INATTENTION_DISTRACTION
2673292,2,ANGLE_FRONT_TO_SIDE,-112.132812158117,33.5675379745696,3,UNKNOWN_99,ANGLE_FRONT_TO_SIDE,PHOENIX,2012-10-29 16:07:00,OTHER_97,NO_IMPROPER_ACTION
2673316,2,ANGLE_FRONT_TO_SIDE,-112.151508383574,33.523915357769,2,UNKNOWN_99,ANGLE_FRONT_TO_SIDE,GLENDALE,2012-10-25 16:00:00,NO_IMPROPER_ACTION,UNKNOWN_99
2673318,2,ANGLE_FRONT_TO_SIDE,-112.065155053402,33.5584272442959,2,T_INTERSECTION,ANGLE_FRONT_TO_SIDE,PHOENIX,2012-10-03 19:51:00,SPEED_TOO_FAST_FOR_CONDITIONS,NO_IMPROPER_ACTION
2673345,2,SIDESWIPE_OPPOSITE_DIRECTION,-112.047784322714,33.6404021869385,2,UNKNOWN_99,SIDESWIPE_OPPOSITE_DIRECTION,PHOENIX,2012-10-16 16:45:00,INATTENTION_DISTRACTION,INATTENTION_DISTRACTION
2673364,3,SIDESWIPE_SAME_DIRECTION,-112.091086884087,33.3922351832213,3,UNKNOWN_99,SIDESWIPE_SAME_DIRECTION,PHOENIX,2012-10-29 16:30:00,NO_IMPROPER_ACTION,NOT_APPLICABLE_MINUS_1+UNSAFE_LANE_CHANGE+NO_IMPROPER_ACTION
2673368,2,SIDESWIPE_SAME_DIRECTION,-112.099653694343,33.5494085297796,3,UNKNOWN_99,SIDESWIPE_SAME_DIRECTION,PHOENIX,2012-10-29 16:47:00,OTHER_97,NO_IMPROPER_ACTION
2673400,2,ANGLE_FRONT_TO_SIDE,-112.237783998201,33.4960129347207,3,T_INTERSECTION,ANGLE_FRONT_TO_SIDE,PHOENIX,2012-10-18 07:31:00,NO_IMPROPER_ACTION,FAILED_TO_YIELD_RIGHT_OF_WAY_103+NOT_APPLICABLE_MINUS_1+NOT_APPLICABLE_MINUS_1
2673428,2,ANGLE_FRONT_TO_SIDE,-112.19944655865,33.4948668441343,3,T_INTERSECTION,ANGLE_FRONT_TO_SIDE,PHOENIX,2012-10-31 15:45:00,DROVE_RODE_IN_OPPOSING_TRAFFIC_LANE,INATTENTION_DISTRACTION
2673454,2,UNKNOWN_99,-111.987034850218,33.4762627558953,1,UNKNOWN_99,UNKNOWN_99,PHOENIX,2012-10-18 18:26:00,NO_IMPROPER_ACTION,FAILED_TO_YIELD_RIGHT_OF_WAY_103
2673469,2,ANGLE_FRONT_TO_SIDE,-112.139536106149,33.7148234395795,2,NOT_AT_INTERSECTION_0,ANGLE_FRONT_TO_SIDE,PHOENIX,2012-10-18 20:29:00,FAILED_TO_YIELD_RIGHT_OF_WAY_103,NO_IMPROPER_ACTION+NOT_APPLICABLE_MINUS_1
2673491,2,SIDESWIPE_SAME_DIRECTION,-112.064764372867,33.4513482720057,2,NOT_AT_INTERSECTION_0,SIDESWIPE_SAME_DIRECTION,PHOENIX,2012-10-26 16:41:00,NO_IMPROPER_ACTION,OTHER_UNSAFE_PASSING
2673525,2,ANGLE_FRONT_TO_SIDE,-112.220511853087,33.4642477487973,2,UNKNOWN_99,ANGLE_FRONT_TO_SIDE,PHOENIX,2012-09-30 17:01:00,UNSAFE_LANE_CHANGE,NO_IMPROPER_ACTION
2673543,2,ANGLE_FRONT_TO_SIDE,-112.047546537388,33.505608133179,2,UNKNOWN_99,ANGLE_FRONT_TO_SIDE,PHOENIX,2012-10-12 21:07:00,KNOWINGLY_OPERATED_WITH_FAULTY_MISSING_EQUIPMENT,NO_IMPROPER_ACTION
2673547,2,SIDESWIPE_SAME_DIRECTION,-112.029809736701,33.4067746192833,4,FOUR_WAY_INTERSECTION,SIDESWIPE_SAME_DIRECTION,PHOENIX,2012-10-03 06:40:00,NO_IMPROPER_ACTION,NOT_APPLICABLE_MINUS_1+INATTENTION_DISTRACTION
2673581,2,OTHER_97,-110.925089716844,32.4919377968686,3,NOT_REPORTED_255,OTHER_97,UNSPECIFIED_999,2012-12-10 10:43:00,NO_IMPROPER_ACTION,FAILED_TO_YIELD_RIGHT_OF_WAY_103
2673637,2,OTHER_97,-111.017938015823,32.2598433924423,1,NOT_AT_INTERSECTION_0,OTHER_97,TUCSON,2012-11-27 13:49:00,OTHER_97,NO_IMPROPER_ACTION
2673642,2,OTHER_97,-112.029893786617,33.4617784380201,1,NOT_AT_INTERSECTION_0,OTHER_97,PHOENIX,2012-12-07 15:40:00,UNKNOWN_99,NO_IMPROPER_ACTION
2673683,2,REAR_END,-112.062042547265,33.494720452233,2,FOUR_WAY_INTERSECTION,REAR_END,PHOENIX,2012-10-20 18:30:00,NO_IMPROPER_ACTION,OTHER_97
2673705,2,ANGLE_FRONT_TO_SIDE,-112.151739087301,33.6473043851184,3,FOUR_WAY_INTERSECTION,ANGLE_FRONT_TO_SIDE,PHOENIX,2012-10-14 14:13:00,FAILED_TO_KEEP_IN_PROPER_LANE,NO_IMPROPER_ACTION
2673729,2,ANGLE_FRONT_TO_SIDE,-111.926098832174,33.4288348983016,3,FOUR_WAY_INTERSECTION,ANGLE_FRONT_TO_SIDE,TEMPE,2012-10-09 14:54:00,FAILED_TO_YIELD_RIGHT_OF_WAY_103,NO_IMPROPER_ACTION