IncidentID,num_vehicles_involved,eCollisionManner,Longitude,Latitude,InjurySeverity,eIntersectionType,eCollisionManner,city_name,IncidentDateTime,cyclist_citations,driver_citations
2580083,2,ANGLE_FRONT_TO_SIDE,-114.324937878738,34.4749340894462,3,NOT_AT_INTERSECTION_0,ANGLE_FRONT_TO_SIDE,LAKE HAVASU CITY,2012-01-16 10:38:00,INATTENTION_DISTRACTION,NO_IMPROPER_ACTION
2581785,2,ANGLE_FRONT_TO_SIDE,-114.641903757212,32.7130826785742,3,FOUR_WAY_INTERSECTION,ANGLE_FRONT_TO_SIDE,YUMA,2012-01-20 13:30:00,OTHER_97,NO_IMPROPER_ACTION
2582162,2,OTHER_97,-114.619608552307,32.6985246189374,1,NOT_AT_INTERSECTION_0,OTHER_97,YUMA,2012-01-18 15:03:00,OTHER_97,NO_IMPROPER_ACTION
2582902,2,ANGLE_FRONT_TO_SIDE,-114.620258963069,32.683975389974,3,FOUR_WAY_INTERSECTION,ANGLE_FRONT_TO_SIDE,YUMA,2012-01-27 15:44:00,OTHER_97,NO_IMPROPER_ACTION
2583359,2,SIDESWIPE_SAME_DIRECTION,-114.315169400493,34.4524180556584,4,NOT_AT_INTERSECTION_0,SIDESWIPE_SAME_DIRECTION,LAKE HAVASU CITY,2012-01-20 21:06:00,KNOWINGLY_OPERATED_WITH_FAULTY_MISSING_EQUIPMENT,NO_IMPROPER_ACTION
2585621,2,ANGLE_FRONT_TO_SIDE,-114.628726284683,32.6748770819241,2,T_INTERSECTION,ANGLE_FRONT_TO_SIDE,YUMA,2012-01-27 17:42:00,DROVE_RODE_IN_OPPOSING_TRAFFIC_LANE,NO_IMPROPER_ACTION+NOT_APPLICABLE_MINUS_1
2585690,2,SIDESWIPE_SAME_DIRECTION,-114.624564156152,32.6790022244924,3,NOT_AT_INTERSECTION_0,SIDESWIPE_SAME_DIRECTION,YUMA,2012-01-25 06:53:00,FAILED_TO_YIELD_RIGHT_OF_WAY_103,NO_IMPROPER_ACTION
2585732,2,ANGLE_FRONT_TO_SIDE,-114.782334507976,32.4903930982126,1,FOUR_WAY_INTERSECTION,ANGLE_FRONT_TO_SIDE,SAN LUIS,2012-01-09 18:29:00,NO_IMPROPER_ACTION,FAILED_TO_YIELD_RIGHT_OF_WAY_103
2585953,2,REAR_END,-114.157652628586,34.3601941690591,4,NOT_AT_INTERSECTION_0,REAR_END,UNSPECIFIED_999,2012-01-19 07:27:00,UNKNOWN_99,INATTENTION_DISTRACTION+NOT_APPLICABLE_MINUS_1
2588308,2,OTHER_97,-114.650437369482,32.7129602350852,5,FOUR_WAY_INTERSECTION,OTHER_97,UNSPECIFIED_999,2012-02-12 17:11:00,UNKNOWN_99,MADE_IMPROPER_TURN
2590436,2,ANGLE_FRONT_TO_SIDE,-114.659653753946,32.6913926279134,4,FOUR_WAY_INTERSECTION,ANGLE_FRONT_TO_SIDE,YUMA,2012-02-17 17:22:00,INATTENTION_DISTRACTION,NO_IMPROPER_ACTION
2591146,2,OTHER_97,-114.222980477427,34.1767889667378,3,T_INTERSECTION,OTHER_97,UNSPECIFIED_999,2012-02-18 13:49:00,RAN_STOP_SIGN,NO_IMPROPER_ACTION
2591409,2,ANGLE_FRONT_TO_SIDE,-114.666831448241,32.7023392177532,3,NOT_AT_INTERSECTION_0,ANGLE_FRONT_TO_SIDE,YUMA,2012-01-28 08:51:00,INATTENTION_DISTRACTION,NO_IMPROPER_ACTION
2591660,2,ANGLE_FRONT_TO_SIDE,-114.620256122531,32.6842493262924,2,NOT_AT_INTERSECTION_0,ANGLE_FRONT_TO_SIDE,YUMA,2012-02-28 08:23:00,OTHER_97,NO_IMPROPER_ACTION
2595095,2,ANGLE_FRONT_TO_SIDE,-114.617529187827,35.0940671936496,1,FOUR_WAY_INTERSECTION,ANGLE_FRONT_TO_SIDE,BULLHEAD CITY,2012-02-11 12:04:00,UNKNOWN_99,OTHER_97
2595225,3,REAR_END,-114.581609582662,32.6696038432039,1,FOUR_WAY_INTERSECTION,REAR_END,YUMA,2012-02-24 16:11:00,NO_IMPROPER_ACTION,NOT_APPLICABLE_MINUS_1+FOLLOWED_TOO_CLOSELY+NO_IMPROPER_ACTION
2596153,2,ANGLE_FRONT_TO_SIDE,-114.633131477527,32.6903220401454,1,T_INTERSECTION,ANGLE_FRONT_TO_SIDE,YUMA,2012-03-10 14:48:00,FAILED_TO_YIELD_RIGHT_OF_WAY_103,NO_IMPROPER_ACTION
2596353,2,ANGLE_FRONT_TO_SIDE,-114.628188476251,32.7130505152547,2,T_INTERSECTION,ANGLE_FRONT_TO_SIDE,YUMA,2012-03-15 07:19:00,OTHER_97,NOT_APPLICABLE_MINUS_1+NOT_APPLICABLE_MINUS_1+NO_IMPROPER_ACTION+NOT_APPLICABLE_MINUS_1
2596838,2,ANGLE_FRONT_TO_SIDE,-114.598884859844,32.6996820455069,2,T_INTERSECTION,ANGLE_FRONT_TO_SIDE,YUMA,2012-02-11 13:49:00,NO_IMPROPER_ACTION,NO_IMPROPER_ACTION
2598234,2,SIDESWIPE_SAME_DIRECTION,-114.633390830908,35.0962181411876,2,NOT_AT_INTERSECTION_0,SIDESWIPE_SAME_DIRECTION,BULLHEAD CITY,2012-03-09 11:43:00,NO_IMPROPER_ACTION,INATTENTION_DISTRACTION
2601530,2,HEAD_ON,-114.624648833068,32.6985189755259,3,FOUR_WAY_INTERSECTION,HEAD_ON,YUMA,2012-03-22 19:36:00,OTHER_97,NO_IMPROPER_ACTION
2601630,2,ANGLE_FRONT_TO_SIDE,-114.338403061458,34.4755754564307,4,NOT_REPORTED_255,ANGLE_FRONT_TO_SIDE,LAKE HAVASU CITY,2012-04-11 08:37:00,NO_IMPROPER_ACTION,INATTENTION_DISTRACTION
2602562,2,ANGLE_FRONT_TO_SIDE,-114.598770407088,32.669389814533,3,FOUR_WAY_INTERSECTION,ANGLE_FRONT_TO_SIDE,YUMA,2012-03-19 15:07:00,OTHER_97,NO_IMPROPER_ACTION
2603011,2,OTHER_97,-114.333168952665,34.4786225606034,4,NOT_AT_INTERSECTION_0,OTHER_97,LAKE HAVASU CITY,2012-04-17 16:08:00,NO_IMPROPER_ACTION,FAILED_TO_YIELD_RIGHT_OF_WAY_103
2603423,2,OTHER_97,-114.024786880426,35.2190632634774,3,UNKNOWN_99,OTHER_97,KINGMAN,2012-03-05 07:28:00,NO_IMPROPER_ACTION,OTHER_97
2604227,2,ANGLE_FRONT_TO_SIDE,-114.633184567015,32.6967040400094,3,FOUR_WAY_INTERSECTION,ANGLE_FRONT_TO_SIDE,YUMA,2012-04-04 22:06:00,FAILED_TO_KEEP_IN_PROPER_LANE,OTHER_97
2604875,2,ANGLE_FRONT_TO_SIDE,-114.624517080615,32.7003839294547,3,T_INTERSECTION,ANGLE_FRONT_TO_SIDE,YUMA,2012-04-02 11:56:00,DROVE_RODE_IN_OPPOSING_TRAFFIC_LANE,INATTENTION_DISTRACTION
2606139,2,ANGLE_FRONT_TO_SIDE,-114.624598810383,32.6897632261279,3,NOT_REPORTED_255,ANGLE_FRONT_TO_SIDE,YUMA,2012-04-15 14:38:00,DROVE_RODE_IN_OPPOSING_TRAFFIC_LANE,NO_IMPROPER_ACTION
2606688,2,OTHER_97,-114.624568083667,32.7215386711909,2,FOUR_WAY_INTERSECTION,OTHER_97,YUMA,2012-04-04 17:19:00,UNKNOWN_99,UNKNOWN_99+NOT_APPLICABLE_MINUS_1+NOT_APPLICABLE_MINUS_1+NOT_APPLICABLE_MINUS_1
2606842,2,ANGLE_FRONT_TO_SIDE,-114.621429198371,32.698641245097,3,FOUR_WAY_INTERSECTION,ANGLE_FRONT_TO_SIDE,YUMA,2012-04-17 05:37:00,KNOWINGLY_OPERATED_WITH_FAULTY_MISSING_EQUIPMENT,NO_IMPROPER_ACTION
2607917,3,ANGLE_FRONT_TO_SIDE,-114.331377846769,34.5161176087688,3,FOUR_WAY_INTERSECTION,ANGLE_FRONT_TO_SIDE,LAKE HAVASU CITY,2012-03-25 08:32:00,RAN_STOP_SIGN+RAN_STOP_SIGN,NO_IMPROPER_ACTION
2612233,2,ANGLE_FRONT_TO_SIDE,-114.65041909651,32.6980941812651,3,UNKNOWN_99,ANGLE_FRONT_TO_SIDE,YUMA,2012-03-16 17:31:00,NO_IMPROPER_ACTION,INATTENTION_DISTRACTION
2613322,2,ANGLE_FRONT_TO_SIDE,-114.292554907332,34.4830855908768,3,T_INTERSECTION,ANGLE_FRONT_TO_SIDE,LAKE HAVASU CITY,2012-04-25 07:36:00,OTHER_97,NO_IMPROPER_ACTION+NOT_APPLICABLE_MINUS_1
2615387,2,ANGLE_FRONT_TO_SIDE,-114.337544309864,34.4680514899625,3,T_INTERSECTION,ANGLE_FRONT_TO_SIDE,LAKE HAVASU CITY,2012-04-27 11:53:00,INATTENTION_DISTRACTION,NO_IMPROPER_ACTION+NOT_APPLICABLE_MINUS_1
2615949,2,ANGLE_FRONT_TO_SIDE,-114.650552180215,32.6912758660965,2,NOT_AT_INTERSECTION_0,ANGLE_FRONT_TO_SIDE,YUMA,2012-05-04 07:00:00,NO_IMPROPER_ACTION,INATTENTION_DISTRACTION
2622819,2,ANGLE_FRONT_TO_SIDE,-114.641260715776,32.6839218518404,3,T_INTERSECTION,ANGLE_FRONT_TO_SIDE,YUMA,2012-06-11 12:58:00,SPEED_TOO_FAST_FOR_CONDITIONS,NO_IMPROPER_ACTION
2623920,2,ANGLE_FRONT_TO_SIDE,-114.624460552067,32.6733537799015,3,FOUR_WAY_INTERSECTION,ANGLE_FRONT_TO_SIDE,YUMA,2012-06-19 10:52:00,NO_IMPROPER_ACTION,OTHER_97
2624057,2,OTHER_97,-114.782654734114,32.4921045954914,1,T_INTERSECTION,OTHER_97,SAN LUIS,2012-05-15 13:00:00,UNKNOWN_99,UNKNOWN_99
2627398,2,ANGLE_FRONT_TO_SIDE,-114.597982323159,35.0056555285654,2,UNKNOWN_99,ANGLE_FRONT_TO_SIDE,UNSPECIFIED_999,2012-06-21 10:30:00,UNKNOWN_99,UNKNOWN_99
2628746,2,ANGLE_FRONT_TO_SIDE,-114.650395849606,32.721502565023,2,FOUR_WAY_INTERSECTION,ANGLE_FRONT_TO_SIDE,UNSPECIFIED_999,2012-07-10 00:29:00,DID_NOT_USE_CROSSWALK,NO_IMPROPER_ACTION
2634716,2,OTHER_97,-114.663255661425,32.7185828988321,1,UNKNOWN_99,OTHER_97,UNSPECIFIED_999,2012-07-11 14:20:00,FAILED_TO_YIELD_RIGHT_OF_WAY_103,NO_IMPROPER_ACTION
2635631,2,ANGLE_FRONT_TO_SIDE,-114.031284753199,35.2539796244615,3,UNKNOWN_99,ANGLE_FRONT_TO_SIDE,UNSPECIFIED_999,2012-05-30 15:41:00,DROVE_RODE_IN_OPPOSING_TRAFFIC_LANE,NO_IMPROPER_ACTION
2638405,2,OTHER_97,-114.650457681123,32.7185262290146,3,T_INTERSECTION,OTHER_97,UNSPECIFIED_999,2012-06-27 07:30:00,NO_IMPROPER_ACTION,INATTENTION_DISTRACTION
2640186,2,ANGLE_FRONT_TO_SIDE,-114.625960608281,32.6839759392221,1,NOT_AT_INTERSECTION_0,ANGLE_FRONT_TO_SIDE,YUMA,2012-07-09 15:00:00,OTHER_97,NOT_APPLICABLE_MINUS_1+NO_IMPROPER_ACTION
2643066,2,ANGLE_FRONT_TO_SIDE,-114.641904382648,32.7132290851801,3,FOUR_WAY_INTERSECTION,ANGLE_FRONT_TO_SIDE,YUMA,2012-08-25 15:06:00,DROVE_RODE_IN_OPPOSING_TRAFFIC_LANE,NO_IMPROPER_ACTION
2643115,2,ANGLE_FRONT_TO_SIDE,-114.624634492857,32.6912728606968,3,T_INTERSECTION,ANGLE_FRONT_TO_SIDE,YUMA,2012-08-23 13:17:00,DROVE_RODE_IN_OPPOSING_TRAFFIC_LANE,NO_IMPROPER_ACTION
2644281,2,ANGLE_FRONT_TO_SIDE,-114.035129788095,35.2139706940612,3,FOUR_WAY_INTERSECTION,ANGLE_FRONT_TO_SIDE,KINGMAN,2012-08-29 08:21:00,NO_IMPROPER_ACTION,INATTENTION_DISTRACTION
2646483,2,ANGLE_FRONT_TO_SIDE,-114.774881618753,32.4965871154775,3,T_INTERSECTION,ANGLE_FRONT_TO_SIDE,SAN LUIS,2012-08-17 19:50:00,UNKNOWN_99,INATTENTION_DISTRACTION
2647214,2,ANGLE_FRONT_TO_SIDE,-114.650375108677,32.7251872793522,4,FOUR_WAY_INTERSECTION,ANGLE_FRONT_TO_SIDE,YUMA,2012-09-03 10:34:00,SPEED_TOO_FAST_FOR_CONDITIONS,NO_IMPROPER_ACTION
2649233,2,OTHER_97,-114.781106354099,32.4903618663842,2,FOUR_WAY_INTERSECTION,OTHER_97,SAN LUIS,2012-08-29 07:00:00,NO_IMPROPER_ACTION,FAILED_TO_YIELD_RIGHT_OF_WAY_103
2650729,2,LEFT_TURN,-114.298742333637,34.4952849860432,3,FOUR_WAY_INTERSECTION,LEFT_TURN,LAKE HAVASU CITY,2012-09-13 07:16:00,DROVE_RODE_IN_OPPOSING_TRAFFIC_LANE,NO_IMPROPER_ACTION
2650777,2,ANGLE_FRONT_TO_SIDE,-114.665946929883,32.7013409803963,3,NOT_AT_INTERSECTION_0,ANGLE_FRONT_TO_SIDE,YUMA,2012-09-16 12:30:00,REQUIRED_MOTORCYCLE_SAFETY_EQUIPMENT_NOT_USED,NO_IMPROPER_ACTION+NOT_APPLICABLE_MINUS_1+NOT_APPLICABLE_MINUS_1
2651017,2,ANGLE_FRONT_TO_SIDE,-114.035129788095,35.2139706940612,3,FOUR_WAY_INTERSECTION,ANGLE_FRONT_TO_SIDE,KINGMAN,2012-09-14 15:44:00,DID_NOT_USE_CROSSWALK,FAILED_TO_YIELD_RIGHT_OF_WAY_103
2653316,2,ANGLE_FRONT_TO_SIDE,-114.756652069976,32.4875743826833,2,FOUR_WAY_INTERSECTION,ANGLE_FRONT_TO_SIDE,SAN LUIS,2012-09-06 12:19:00,NO_IMPROPER_ACTION,FAILED_TO_YIELD_RIGHT_OF_WAY_103
2653662,2,ANGLE_FRONT_TO_SIDE,-114.623450589006,32.713073496022,1,FOUR_WAY_INTERSECTION,ANGLE_FRONT_TO_SIDE,YUMA,2012-09-18 13:21:00,DISREGARDED_TRAFFIC_SIGNAL,NO_IMPROPER_ACTION
2653769,2,ANGLE_FRONT_TO_SIDE,-114.643276796661,32.6984038476217,3,T_INTERSECTION,ANGLE_FRONT_TO_SIDE,YUMA,2012-09-18 16:28:00,DROVE_RODE_IN_OPPOSING_TRAFFIC_LANE,NO_IMPROPER_ACTION
2656305,2,SIDESWIPE_OPPOSITE_DIRECTION,-114.664109736056,32.7207663448136,3,T_INTERSECTION,SIDESWIPE_OPPOSITE_DIRECTION,UNSPECIFIED_999,2012-10-11 16:47:00,KNOWINGLY_OPERATED_WITH_FAULTY_MISSING_EQUIPMENT,NO_IMPROPER_ACTION
2657966,2,LEFT_TURN,-114.024828636412,35.2248967039791,3,FOUR_WAY_INTERSECTION,LEFT_TURN,KINGMAN,2012-10-11 09:14:00,NO_IMPROPER_ACTION,INATTENTION_DISTRACTION
2657967,2,UNKNOWN_99,-114.018175711392,35.2090140836472,4,UNKNOWN_99,UNKNOWN_99,KINGMAN,2012-10-15 14:34:00,UNKNOWN_99,UNKNOWN_99
2658272,2,ANGLE_FRONT_TO_SIDE,-114.627109688369,32.687596946382,1,T_INTERSECTION,ANGLE_FRONT_TO_SIDE,YUMA,2012-10-12 15:29:00,UNKNOWN_99,NO_IMPROPER_ACTION
2658283,2,ANGLE_FRONT_TO_SIDE,-114.603184573084,32.6840546690365,3,NOT_REPORTED_255,ANGLE_FRONT_TO_SIDE,YUMA,2012-10-01 18:00:00,DROVE_RODE_IN_OPPOSING_TRAFFIC_LANE,NO_IMPROPER_ACTION
2659784,2,ANGLE_FRONT_TO_SIDE,-114.321167546044,34.4766936111619,1,T_INTERSECTION,ANGLE_FRONT_TO_SIDE,LAKE HAVASU CITY,2012-10-12 13:34:00,OTHER_97,UNKNOWN_99
2666021,2,ANGLE_FRONT_TO_SIDE,-114.633118140188,32.6809884796118,2,T_INTERSECTION,ANGLE_FRONT_TO_SIDE,YUMA,2012-11-07 07:19:00,OTHER_97,NO_IMPROPER_ACTION
2666303,2,ANGLE_FRONT_TO_SIDE,-114.035399851555,35.2163312542722,3,INTERSECTION_AS_PART_OF_INTERCHANGE,ANGLE_FRONT_TO_SIDE,KINGMAN,2012-11-06 18:37:00,INATTENTION_DISTRACTION,NO_IMPROPER_ACTION
2666311,2,LEFT_TURN,-114.036334848497,35.2249484773208,2,FOUR_WAY_INTERSECTION,LEFT_TURN,KINGMAN,2012-11-08 17:54:00,INATTENTION_DISTRACTION,NO_IMPROPER_ACTION
2668192,2,ANGLE_FRONT_TO_SIDE,-114.782321537665,32.4886762553689,2,FOUR_WAY_INTERSECTION,ANGLE_FRONT_TO_SIDE,SAN LUIS,2012-10-08 09:37:00,NO_IMPROPER_ACTION,FAILED_TO_YIELD_RIGHT_OF_WAY_103
2668216,2,OTHER_97,-114.782703249482,32.4921045326236,1,FOUR_WAY_INTERSECTION,OTHER_97,SAN LUIS,2012-10-09 16:58:00,UNKNOWN_99,NOT_APPLICABLE_MINUS_1+NOT_APPLICABLE_MINUS_1+UNKNOWN_99
2668225,2,ANGLE_FRONT_TO_SIDE,-114.593517690837,35.0768733204601,2,T_INTERSECTION,ANGLE_FRONT_TO_SIDE,BULLHEAD CITY,2012-09-19 10:59:00,OTHER_97,NO_IMPROPER_ACTION
2668739,2,SIDESWIPE_SAME_DIRECTION,-114.622135978273,32.7179602259914,3,NOT_AT_INTERSECTION_0,SIDESWIPE_SAME_DIRECTION,YUMA,2012-11-18 19:17:00,NO_IMPROPER_ACTION,UNKNOWN_99
2669792,2,OTHER_97,-114.650432136619,32.6854827380388,2,UNKNOWN_99,OTHER_97,YUMA,2012-11-07 19:14:00,OTHER_97,NO_IMPROPER_ACTION+NOT_APPLICABLE_MINUS_1
2670339,2,SIDESWIPE_SAME_DIRECTION,-114.65039675374,32.7216121583091,2,FOUR_WAY_INTERSECTION,SIDESWIPE_SAME_DIRECTION,UNSPECIFIED_999,2012-11-21 18:02:00,DROVE_RODE_IN_OPPOSING_TRAFFIC_LANE,UNKNOWN_99
2670845,3,ANGLE_FRONT_TO_SIDE,-114.645313564121,32.6838688739266,2,NOT_AT_INTERSECTION_0,ANGLE_FRONT_TO_SIDE,YUMA,2012-11-26 17:31:00,OTHER_97+OTHER_97,NO_IMPROPER_ACTION
2671659,2,LEFT_TURN,-114.641258347991,32.6837572529274,2,FOUR_WAY_INTERSECTION,LEFT_TURN,YUMA,2012-11-27 08:48:00,DISREGARDED_TRAFFIC_SIGNAL,NO_IMPROPER_ACTION
2672165,2,UNKNOWN_99,-114.569522116791,34.9878646226375,3,NOT_REPORTED_255,UNKNOWN_99,UNSPECIFIED_999,2012-10-29 16:27:00,NO_IMPROPER_ACTION,NO_IMPROPER_ACTION+NOT_APPLICABLE_MINUS_1
2676608,2,ANGLE_FRONT_TO_SIDE,-114.650431157925,32.698489544838,3,UNKNOWN_99,ANGLE_FRONT_TO_SIDE,YUMA,2012-12-18 12:56:00,DROVE_RODE_IN_OPPOSING_TRAFFIC_LANE,NO_IMPROPER_ACTION
2678134,2,UNKNOWN_99,-114.675117121822,32.6621381117122,3,UNKNOWN_99,UNKNOWN_99,YUMA,2012-12-27 20:49:00,NO_IMPROPER_ACTION,NO_IMPROPER_ACTION
2679367,2,ANGLE_FRONT_TO_SIDE,-114.619570375679,32.6694287841169,2,FOUR_WAY_INTERSECTION,ANGLE_FRONT_TO_SIDE,YUMA,2012-12-26 15:19:00,UNKNOWN_99,UNKNOWN_99
2681273,2,REAR_END,-114.015364616402,35.2556761062898,3,FOUR_WAY_INTERSECTION,REAR_END,UNSPECIFIED_999,2012-10-01 12:23:00,NO_IMPROPER_ACTION,NO_IMPROPER_ACTION
2681294,2,UNKNOWN_99,-114.015300951258,35.2642449599105,3,FOUR_WAY_INTERSECTION,UNKNOWN_99,UNSPECIFIED_999,2012-12-15 13:22:00,RAN_STOP_SIGN,NO_IMPROPER_ACTION
2708454,2,ANGLE_FRONT_TO_SIDE,-114.618114831332,35.1005718306359,2,T_INTERSECTION,ANGLE_FRONT_TO_SIDE,BULLHEAD CITY,2012-10-23 16:46:00,DROVE_RODE_IN_OPPOSING_TRAFFIC_LANE,NO_IMPROPER_ACTION
2713481,2,OTHER_97,-114.598095822229,35.1167392147537,3,UNKNOWN_99,OTHER_97,BULLHEAD CITY,2012-11-08 11:45:00,NO_IMPROPER_ACTION,INATTENTION_DISTRACTION